id,name,cat,cost,tourid
28739,Cliffs of Moher,Show,50,112
32543C6JA715D7409FEC7,City Sightseeing tour 24 hours pass,fixed,19,444
3254KC7AEA15DCCF7208A,The best of Dublin walking tour,fixed,12,259
3254KC7AEA15DCCF7208A,The best of Dublin walking tour,fixed,12,259
325496PJMA15E4D48E432,Relaxing bike tour of Dublin,fixed,55,73
25391,Celtic Tour-Drogheda and Meath,Show,45,401
25391,Celtic Tour-Drogheda and Meath,Show,45,401
46198,"Cliffs of Moher, Wild Atlantic Way, Atlantic Edge Ocean Walk & Galway City 1 Day Tour",Show,150,385
46198,"Cliffs of Moher, Wild Atlantic Way, Atlantic Edge Ocean Walk & Galway City 1 Day Tour",Show,100,385
39927,Giants Caueway,Show,260,217
46895,"Kilkenny, Wicklow Mountains & Glendalough 1 Day Tour",Show,35,305
46198,"Cliffs of Moher, Wild Atlantic Way, Atlantic Edge Ocean Walk & Galway City 1 Day Tour",Show,50,385
325449T6HW15D7402F663,Coastal Dublin tour of Howth village and Malahide Castle,fixed,78,233
3254KC7AEA15DCCF7208A,The best of Dublin walking tour,fixed,28,259
32547X9AC7164F636BD7C,Airlink Express: Dublin Airport to Dublin's City Center,fixed,14,498
32547X9AC7164F636BD7C,Airlink Express: Dublin Airport to Dublin's City Center,fixed,7,498
46198,"Cliffs of Moher, Wild Atlantic Way, Atlantic Edge Ocean Walk & Galway City 1 Day Tour",Show,100,385
32547X9AC7164F636BD7C,Airlink Express: Dublin Airport to Dublin's City Center,fixed,14,498
51165,Gravediggers Tour of Dublin,Show,50,101
3254MNCE9J15D73F0FA51,Giants Causeway Shuttle bus,fixed,65,90
32547X9AC7164F636BD7C,Airlink Express: Dublin Airport to Dublin's City Center,fixed,14,498
46198,"Cliffs of Moher, Wild Atlantic Way, Atlantic Edge Ocean Walk & Galway City 1 Day Tour",Show,100,385
32547X9AC7164F636BD7C,Airlink Express: Dublin Airport to Dublin's City Center,fixed,14,498
46895,"Kilkenny, Wicklow Mountains & Glendalough 1 Day Tour",Show,30,305
46198,"Cliffs of Moher, Wild Atlantic Way, Atlantic Edge Ocean Walk & Galway City 1 Day Tour",Show,45,385
57517,Airlink Express travel between Dublin Airport and Dublin's City Centre single journey,Airport transfer,14,176
38169,HAUNTED HISTORY DUBLIN WALK,Walking,75,124
57517,Airlink Express travel between Dublin Airport and Dublin's City Centre single journey,Airport transfer,14,176
57517,Airlink Express travel between Dublin Airport and Dublin's City Centre single journey,Airport transfer,14,176
46895,"Kilkenny, Wicklow Mountains & Glendalough 1 Day Tour",Day tour,160,305
57517,Airlink Express travel between Dublin Airport and Dublin's City Centre single journey,Airport transfer,14,176
57517,Airlink Express travel between Dublin Airport and Dublin's City Centre single journey,Airport transfer,14,176
57517,Airlink Express travel between Dublin Airport and Dublin's City Centre single journey,Airport transfer,7,176
28757,A day tour to the cliffs of Moher,Day tour,100,500
3254LX4MX415EA44401A2,Do Dublin Green Hop-on Hop-Off bus tour 24 hour,Sightseeing,20,178
51172,The original pub crawl,Sightseeing,12,37
51172,The original pub crawl,Sightseeing,12,37
3254KXF7W715DA2D46E2D,Guided tour of the Irish Whiskey Museum with three tastings,Museum,18,65
51172,The original pub crawl,Sightseeing,12,37
28764,A day tour to the cliffs of Moher,Day tour,50,434
51172,The original pub crawl,Sightseeing,12,37
51172,The original pub crawl,Sightseeing,12,37
51172,The original pub crawl,Sightseeing,12,37
51172,The original pub crawl,Sightseeing,12,37
51172,The original pub crawl,Sightseeing,12,37
51172,The original pub crawl,Sightseeing,12,37
51172,The original pub crawl,Sightseeing,24,37
46198,"Cliffs of Moher, Wild Atlantic Way, Atlantic Edge Ocean Walk & Galway City 1 Day Tour",Day tour,50,385
51172,The original pub crawl,Sightseeing,12,37
53437,A tour of Celtic Ireland through the Boyne Valley,Day tour,80,219
51172,The original pub crawl,Sightseeing,12,37
51172,The original pub crawl,Sightseeing,12,37
51172,The original pub crawl,Sightseeing,24,37
46198,"Cliffs of Moher, Wild Atlantic Way, Atlantic Edge Ocean Walk & Galway City 1 Day Tour",Day tour,90,385
51172,The original pub crawl,Sightseeing,12,37
46198,"Cliffs of Moher, Wild Atlantic Way, Atlantic Edge Ocean Walk & Galway City 1 Day Tour",Day tour,50,385
51172,The original pub crawl,Sightseeing,12,37
28765,A day tour to the cliffs of Moher,Day tour,45,435
51172,The original pub crawl,Sightseeing,12,37
28765,A day tour to the cliffs of Moher,Day tour,45,435
46198,"Cliffs of Moher, Wild Atlantic Way, Atlantic Edge Ocean Walk & Galway City 1 Day Tour",Day tour,50,385
12271,"Cliffs Of Moher, the Burren and Galway Tour From Dublin",Day tour,100,56
51172,The original pub crawl,Sightseeing,24,37
51172,The original pub crawl,Sightseeing,12,37
46895,"Kilkenny, Wicklow Mountains & Glendalough 1 Day Tour",Day tour,35,305
51172,The original pub crawl,Sightseeing,12,37
46198,"Cliffs of Moher, Wild Atlantic Way, Atlantic Edge Ocean Walk & Galway City 1 Day Tour",Day tour,50,385
46198,"Cliffs of Moher, Wild Atlantic Way, Atlantic Edge Ocean Walk & Galway City 1 Day Tour",Day tour,50,385
51172,The original pub crawl,Sightseeing,12,37
15,Giant's Causeway Fully Guided experience,Day tour,0.00,356
51172,The original pub crawl,Sightseeing,24,37
51172,The original pub crawl,Sightseeing,12,37
51172,The original pub crawl,Sightseeing,12,37
51172,The original pub crawl,Sightseeing,36,37
51172,The original pub crawl,Sightseeing,12,37
8,Newgrange & Hill of Tara tour,Day tour,0.00,57
11,Cliffs of Moher Fully Guided day trip,Day tour,0.00,352
3254PK9UWY1646F5C363E,Backpackers Pub Crawl,Walking,84,214
3254PK9UWY1646F5C363E,Backpackers Pub Crawl,Walking,12,214
3254PK9UWY1646F5C363E,Backpackers Pub Crawl,Walking,12,214
3254PK9UWY1646F5C363E,Backpackers Pub Crawl,Walking,24,214
3254PK9UWY1646F5C363E,Backpackers Pub Crawl,Walking,12,214
3254PK9UWY1646F5C363E,Backpackers Pub Crawl,Walking,12,214
3254PK9UWY1646F5C363E,Backpackers Pub Crawl,Walking,12,214
46896,Giants Causeway - Belfast Titanic Experience-Black Taxi Tour - Carrick A Rede Rope Bridge ,Day tour,70,306
3254PK9UWY1646F5C363E,Backpackers Pub Crawl,Walking,12,214
3254PK9UWY1646F5C363E,Backpackers Pub Crawl,Walking,24,214
3254PK9UWY1646F5C363E,Backpackers Pub Crawl,Walking,24,214
12271,"Cliffs Of Moher, the Burren and Galway Tour From Dublin",Day tour,55,56
3254PK9UWY1646F5C363E,Backpackers Pub Crawl,Walking,12,214
3254PK9UWY1646F5C363E,Backpackers Pub Crawl,Walking,12,214
3254PK9UWY1646F5C363E,Backpackers Pub Crawl,Walking,12,214
3254PK9UWY1646F5C363E,Backpackers Pub Crawl,Walking,12,214
3254PK9UWY1646F5C363E,Backpackers Pub Crawl,Walking,12,214
3254PK9UWY1646F5C363E,Backpackers Pub Crawl,Walking,24,214
46895,"Kilkenny, Wicklow Mountains & Glendalough 1 Day Tour",Day tour,35,305
46895,"Kilkenny, Wicklow Mountains & Glendalough 1 Day Tour",Day tour,30,305
3254PK9UWY1646F5C363E,Backpackers Pub Crawl,Walking,12,214
3254PK9UWY1646F5C363E,Backpackers Pub Crawl,Walking,12,214
3254PK9UWY1646F5C363E,Backpackers Pub Crawl,Walking,12,214
3254PK9UWY1646F5C363E,Backpackers Pub Crawl,Walking,12,214
3254PK9UWY1646F5C363E,Backpackers Pub Crawl,Walking,12,214
3254PK9UWY1646F5C363E,Backpackers Pub Crawl,Walking,12,214
3254PK9UWY1646F5C363E,Backpackers Pub Crawl,Walking,24,214
3254PK9UWY1646F5C363E,Backpackers Pub Crawl,Walking,12,214
3254PK9UWY1646F5C363E,Backpackers Pub Crawl,Walking,12,214
3254PK9UWY1646F5C363E,Backpackers Pub Crawl,Walking,12,214
46896,Giants Causeway - Belfast Titanic Experience-Black Taxi Tour - Carrick A Rede Rope Bridge ,Day tour,65,306
18010,Belfast Titanic and Giant's Causeway tour from Dublin,Day tour,75,19
3254PK9UWY1646F5C363E,Backpackers Pub Crawl,Walking,24,214
3254PK9UWY1646F5C363E,Backpackers Pub Crawl,Walking,12,214
3254PK9UWY1646F5C363E,Backpackers Pub Crawl,Walking,12,214
3254PK9UWY1646F5C363E,Backpackers Pub Crawl,Walking,12,214
3254PK9UWY1646F5C363E,Backpackers Pub Crawl,Walking,12,214
3254PK9UWY1646F5C363E,Backpackers Pub Crawl,Walking,12,214
3254PK9UWY1646F5C363E,Backpackers Pub Crawl,Walking,12,214
12150,Game of Thrones location tour from Dublin,Day tour,65,188
3254PK9UWY1646F5C363E,Backpackers Pub Crawl,Walking,12,214
3254PK9UWY1646F5C363E,Backpackers Pub Crawl,Walking,60,214
3254PK9UWY1646F5C363E,Backpackers Pub Crawl,Walking,60,214
11,Cliffs of Moher Fully Guided day trip,Day tour,0.00,352
11,Cliffs of Moher Fully Guided day trip,Day tour,0.00,352
11,Cliffs of Moher Fully Guided day trip,Day tour,0.00,352
11,Cliffs of Moher Fully Guided day trip,Day tour,0.00,352
3254PK9UWY1646F5C363E,Backpackers Pub Crawl,Walking,12,214
3254PK9UWY1646F5C363E,Backpackers Pub Crawl,Walking,12,214
3254PK9UWY1646F5C363E,Backpackers Pub Crawl,Walking,12,214
3254PK9UWY1646F5C363E,Backpackers Pub Crawl,Walking,12,214
3254PK9UWY1646F5C363E,Backpackers Pub Crawl,Walking,12,214
3254PK9UWY1646F5C363E,Backpackers Pub Crawl,Walking,12,214
3254PK9UWY1646F5C363E,Backpackers Pub Crawl,Walking,12,214
3254PK9UWY1646F5C363E,Backpackers Pub Crawl,Walking,12,214
3254PK9UWY1646F5C363E,Backpackers Pub Crawl,Walking,12,214
3254PK9UWY1646F5C363E,Backpackers Pub Crawl,Walking,12,214
3254PK9UWY1646F5C363E,Backpackers Pub Crawl,Walking,12,214
3254PK9UWY1646F5C363E,Backpackers Pub Crawl,Walking,12,214
3254PK9UWY1646F5C363E,Backpackers Pub Crawl,Walking,12,214
3254PK9UWY1646F5C363E,Backpackers Pub Crawl,Walking,12,214
3254PK9UWY1646F5C363E,Backpackers Pub Crawl,Walking,12,214
3254PK9UWY1646F5C363E,Backpackers Pub Crawl,Walking,12,214
3254PK9UWY1646F5C363E,Backpackers Pub Crawl,Walking,12,214
3254PK9UWY1646F5C363E,Backpackers Pub Crawl,Walking,12,214
3254PK9UWY1646F5C363E,Backpackers Pub Crawl,Walking,12,214
3254PK9UWY1646F5C363E,Backpackers Pub Crawl,Walking,12,214
3254PK9UWY1646F5C363E,Backpackers Pub Crawl,Walking,12,214
3254PK9UWY1646F5C363E,Backpackers Pub Crawl,Walking,12,214
3254PK9UWY1646F5C363E,Backpackers Pub Crawl,Walking,12,214
3254PK9UWY1646F5C363E,Backpackers Pub Crawl,Walking,12,214
3254PK9UWY1646F5C363E,Backpackers Pub Crawl,Walking,12,214
12271,"Cliffs Of Moher, the Burren and Galway Tour From Dublin",Day tour,40,56
3254PK9UWY1646F5C363E,Backpackers Pub Crawl,Walking,12,214
3254PK9UWY1646F5C363E,Backpackers Pub Crawl,Walking,12,214
3254PK9UWY1646F5C363E,Backpackers Pub Crawl,Walking,12,214
12150,Giant's Causeway and Game of Thrones location tour from Dublin,Day tour,55,188
3254PK9UWY1646F5C363E,Backpackers Pub Crawl,Walking,12,214
7,Wicklow Mountains & Glendalough tour,Day tour,0.00,182
3254PK9UWY1646F5C363E,Backpackers Pub Crawl,Walking,12,214
3254PK9UWY1646F5C363E,Backpackers Pub Crawl,Walking,12,214
12271,"Cliffs Of Moher, the Burren and Galway Tour From Dublin",Day tour,40,56
3254PK9UWY1646F5C363E,Backpackers Pub Crawl,Walking,12,214
12271,"Cliffs Of Moher, the Burren and Galway Tour From Dublin",Day tour,80,56
15,Giant's Causeway Fully Guided experience,Day tour,0.00,356
15,Giant's Causeway Fully Guided experience,Day tour,0.00,356
28792,A day tour to the cliffs of Moher,Day tour,140,221
3254PK9UWY1646F5C363E,Backpackers Pub Crawl,Walking,36,214
3254PK9UWY1646F5C363E,Backpackers Pub Crawl,Walking,12,214
3254PK9UWY1646F5C363E,Backpackers Pub Crawl,Walking,12,214
3254PK9UWY1646F5C363E,Backpackers Pub Crawl,Walking,12,214
3254PK9UWY1646F5C363E,Backpackers Pub Crawl,Walking,12,214
3254PK9UWY1646F5C363E,Backpackers Pub Crawl,Walking,12,214
11,Cliffs of Moher Fully Guided day trip,Day tour,0.00,352
15,Giant's Causeway Fully Guided experience,Day tour,0.00,356
7,Wicklow Mountains & Glendalough tour,Day tour,0.00,182
12271,"Cliffs Of Moher, the Burren and Galway Tour From Dublin",Day tour,40,56
3254PK9UWY1646F5C363E,Backpackers Pub Crawl,Walking,12,214
7,Wicklow Mountains & Glendalough tour,Day tour,0.00,182
3254MNCE9J15D73F0FA51,Giant’s Causeway Day Tour & Carrick-a-Rede Rope Bridge from Dublin,Day tour,55,90
12271,"Cliffs Of Moher, the Burren and Galway Tour From Dublin",Day tour,40,56
3254PK9UWY1646F5C363E,Backpackers Pub Crawl,Walking,12,214
3254PK9UWY1646F5C363E,Backpackers Pub Crawl,Walking,72,214
40084,Giants Causeway day tour ,Day tour,130,477
28799,A day tour to the cliffs of Moher,Day tour,100,214
3254PK9UWY1646F5C363E,Backpackers Pub Crawl,Walking,12,214
12271,"Cliffs Of Moher, the Burren and Galway Tour From Dublin",Day tour,40,56
3254PK9UWY1646F5C363E,Backpackers Pub Crawl,Walking,12,214
3254PK9UWY1646F5C363E,Backpackers Pub Crawl,Walking,12,214
12271,"Cliffs Of Moher, the Burren and Galway Tour From Dublin",Day tour,120,56
3254MNCE9J15D73F0FA51,Giant’s Causeway Day Tour & Carrick-a-Rede Rope Bridge from Dublin,Day tour,165,90
3254PK9UWY1646F5C363E,Backpackers Pub Crawl,Walking,12,214
12271,"Cliffs Of Moher, the Burren and Galway Tour From Dublin",Day tour,80,56
3254PK9UWY1646F5C363E,Backpackers Pub Crawl,Walking,24,214
15,Giant's Causeway Fully Guided experience,Day tour,0.00,356
3254PK9UWY1646F5C363E,Backpackers Pub Crawl,Walking,12,214
3254PK9UWY1646F5C363E,Backpackers Pub Crawl,Walking,12,214
12271,"Cliffs Of Moher, the Burren and Galway Tour From Dublin",Day tour,80,56
3254PK9UWY1646F5C363E,Backpackers Pub Crawl,Walking,24,214
12271,"Cliffs Of Moher, the Burren and Galway Tour From Dublin",Day tour,40,56
3254MNCE9J15D73F0FA51,Giant’s Causeway Day Tour & Carrick-a-Rede Rope Bridge from Dublin,Day tour,165,90
28805,A day tour to the cliffs of Moher,Day tour,100,194
12271,"Cliffs Of Moher, the Burren and Galway Tour From Dublin",Day tour,120,56
12271,"Cliffs Of Moher, the Burren and Galway Tour From Dublin",Day tour,80,56
3254MNCE9J15D73F0FA51,Giant’s Causeway Day Tour & Carrick-a-Rede Rope Bridge from Dublin,Day tour,55,90
3254PK9UWY1646F5C363E,Backpackers Pub Crawl,Walking,36,214
3254PK9UWY1646F5C363E,Backpackers Pub Crawl,Walking,36,214
3254PK9UWY1646F5C363E,Backpackers Pub Crawl,Walking,24,214
3254PK9UWY1646F5C363E,Backpackers Pub Crawl,Walking,36,214
3254PK9UWY1646F5C363E,Backpackers Pub Crawl,Walking,24,214
12271,"Cliffs Of Moher, the Burren and Galway Tour From Dublin",Day tour,40,56
3254PK9UWY1646F5C363E,Backpackers Pub Crawl,Walking,12,214
3254PK9UWY1646F5C363E,Backpackers Pub Crawl,Walking,24,214
3254PK9UWY1646F5C363E,Backpackers Pub Crawl,Walking,24,214
12271,"Cliffs Of Moher, the Burren and Galway Tour From Dublin",Day tour,40,56
3254PK9UWY1646F5C363E,Backpackers Pub Crawl,Walking,24,214
3254PK9UWY1646F5C363E,Backpackers Pub Crawl,Walking,12,214
80362,"Cliffs of Moher, The Burren and Galway City Tour",Day tour,50,354
3254PK9UWY1646F5C363E,Backpackers Pub Crawl,Walking,12,214
3254PK9UWY1646F5C363E,Backpackers Pub Crawl,Walking,12,214
3254PK9UWY1646F5C363E,Backpackers Pub Crawl,Walking,12,214
43197,A guided day trip to Connemara,Day tour,55,149
3254PK9UWY1646F5C363E,Backpackers Pub Crawl,Walking,12,214
3254PK9UWY1646F5C363E,Backpackers Pub Crawl,Walking,12,214
3254PK9UWY1646F5C363E,Backpackers Pub Crawl,Walking,12,214
3254PK9UWY1646F5C363E,Backpackers Pub Crawl,Walking,12,214
3254PK9UWY1646F5C363E,Backpackers Pub Crawl,Walking,12,214
3254PK9UWY1646F5C363E,Backpackers Pub Crawl,Walking,12,214
325449T6HW15D7402F663,Coastal Dublin tour of Howth village and Malahide Castle,Day tour,26,233
57517,Airlink Express travel between Dublin Airport and Dublin's City Centre single journey,Airport transfer,7,176
57517,Airlink Express travel between Dublin Airport and Dublin's City Centre single journey,Airport transfer,14,176
3254PK9UWY1646F5C363E,Backpackers Pub Crawl,Walking,12,214
57517,Airlink Express travel between Dublin Airport and Dublin's City Centre single journey,Airport transfer,14,176
3254PK9UWY1646F5C363E,Backpackers Pub Crawl,Walking,24,214
3254PK9UWY1646F5C363E,Backpackers Pub Crawl,Walking,12,214
28820,A day tour to the cliffs of Moher,Day tour,90,89
80362,"Cliffs of Moher, The Burren and Galway City Tour",Day tour,50,354
12271,"Cliffs Of Moher, Burren and Galway Tour From Dublin",Day tour,40,56
80362,"Cliffs of Moher, The Burren and Galway City Tour",Day tour,100,354
80362,"Cliffs of Moher, The Burren and Galway City Tour",Day tour,100,354
3254PK9UWY1646F5C363E,Backpackers Pub Crawl,Walking,12,214
3254PK9UWY1646F5C363E,Backpackers Pub Crawl,Walking,12,214
3254PK9UWY1646F5C363E,Backpackers Pub Crawl,Walking,60,214
3254PK9UWY1646F5C363E,Backpackers Pub Crawl,Walking,48,214
3254PK9UWY1646F5C363E,Backpackers Pub Crawl,Walking,12,214
3254PK9UWY1646F5C363E,Backpackers Pub Crawl,Walking,12,214
3254PK9UWY1646F5C363E,Backpackers Pub Crawl,Walking,12,214
3254PK9UWY1646F5C363E,Backpackers Pub Crawl,Walking,12,214
57517,Airlink Express travel between Dublin Airport and Dublin's City Centre single journey,Airport transfer,28,176
3254PK9UWY1646F5C363E,Backpackers Pub Crawl,Walking,12,214
3254PK9UWY1646F5C363E,Backpackers Pub Crawl,Walking,24,214
3254PK9UWY1646F5C363E,Backpackers Pub Crawl,Walking,36,214
3254PK9UWY1646F5C363E,Backpackers Pub Crawl,Walking,24,214
3254PK9UWY1646F5C363E,Backpackers Pub Crawl,Walking,12,214
3254PK9UWY1646F5C363E,Backpackers Pub Crawl,Walking,12,214
3254MNCE9J15D73F0FA51,Giant’s Causeway Day Tour & Carrick-a-Rede Rope Bridge from Dublin,Day tour,60,90
28823,A day tour to the cliffs of Moher,Day tour,50,90
28823,A day tour to the cliffs of Moher,Day tour,50,90
80362,"Cliffs of Moher, The Burren and Galway City Tour",Day tour,45,354
3254PK9UWY1646F5C363E,Backpackers Pub Crawl,Walking,12,214
3254PK9UWY1646F5C363E,Backpackers Pub Crawl,Walking,12,214
3254PK9UWY1646F5C363E,Backpackers Pub Crawl,Walking,12,214
3254PK9UWY1646F5C363E,Backpackers Pub Crawl,Walking,12,214
3254PK9UWY1646F5C363E,Backpackers Pub Crawl,Walking,12,214
57653,Airlink Express return travel between Dublin Airport and Dublin's City Centre - Return ticket,Airport transfer,12,427
18010,Giant's Causeway and Belfast Titanic tour from Dublin,Day tour,50,19
3254PK9UWY1646F5C363E,Backpackers Pub Crawl,Walking,12,214
28824,A day tour to the cliffs of Moher,Day tour,45,93
28824,A day tour to the cliffs of Moher,Day tour,45,93
80362,"Cliffs of Moher, The Burren and Galway City Tour",Day tour,135,354
3254PK9UWY1646F5C363E,Backpackers Pub Crawl,Walking,24,214
222R9F69P13CD37A3B1C,Day Tour of Wicklow,Day tour,25,205
80362,"Cliffs of Moher, The Burren and Galway City Tour",Day tour,90,354
3254PK9UWY1646F5C363E,Backpackers Pub Crawl,Walking,12,214
3254PK9UWY1646F5C363E,Backpackers Pub Crawl,Walking,24,214
3254PK9UWY1646F5C363E,Backpackers Pub Crawl,Walking,36,214
3254PK9UWY1646F5C363E,Backpackers Pub Crawl,Walking,12,214
80362,"Cliffs of Moher, The Burren and Galway City Tour",Day tour,45,354
80362,"Cliffs of Moher, The Burren and Galway City Tour",Day tour,45,354
80362,"Cliffs of Moher, The Burren and Galway City Tour",Day tour,45,354
80362,"Cliffs of Moher, The Burren and Galway City Tour",Day tour,45,354
80362,"Cliffs of Moher, The Burren and Galway City Tour",Day tour,45,354
3254PK9UWY1646F5C363E,Backpackers Pub Crawl,Walking,24,214
3254PK9UWY1646F5C363E,Backpackers Pub Crawl,Walking,12,214
3254PK9UWY1646F5C363E,Backpackers Pub Crawl,Walking,12,214
54942,Giants Causeway day tour ,Day tour,65,227
3254PK9UWY1646F5C363E,Backpackers Pub Crawl,Walking,24,214
54946,Giants Causeway day tour ,Day tour,130,231
57517,Airlink Express travel between Dublin Airport and Dublin's City Centre single journey,Airport transfer,7,176
3254PK9UWY1646F5C363E,Backpackers Pub Crawl,Walking,36,214
80362,"Cliffs of Moher, The Burren and Galway City Tour",Day tour,180,354
3254PK9UWY1646F5C363E,Backpackers Pub Crawl,Walking,24,214
57517,Airlink Express travel between Dublin Airport and Dublin's City Centre single journey,Airport transfer,7,176
28828,A day tour to the cliffs of Moher,Day tour,100,81
3254PK9UWY1646F5C363E,Backpackers Pub Crawl,Walking,12,214
38169,Haunted History walking tour of Dublin,Walking,30,124
57517,Airlink Express travel between Dublin Airport and Dublin's City Centre single journey,Airport transfer,7,176
28831,A day tour to the cliffs of Moher,Day tour,50,155
28830,A day tour to the cliffs of Moher,Day tour,50,154
7,Wicklow Mountains & Glendalough tour,Day tour,0.00,182
80362,"Cliffs of Moher, The Burren and Galway City Tour",Day tour,45,354
18010,Giant's Causeway and Belfast Titanic tour from Dublin,Day tour,150,19
80362,"Cliffs of Moher, The Burren and Galway City Tour",Day tour,135,354
28832,A day tour to the cliffs of Moher,Day tour,50,152
28832,A day tour to the cliffs of Moher,Day tour,100,152
80362,"Cliffs of Moher, The Burren and Galway City Tour",Day tour,45,354
80362,"Cliffs of Moher, The Burren and Galway City Tour",Day tour,45,354
3254PK9UWY1646F5C363E,Backpackers Pub Crawl,Walking,12,214
3254PK9UWY1646F5C363E,Backpackers Pub Crawl,Walking,12,214
3254PK9UWY1646F5C363E,Backpackers Pub Crawl,Walking,12,214
80362,"Cliffs of Moher, The Burren and Galway City Tour",Day tour,90,354
15,Giant's Causeway Fully Guided experience,Day tour,0.00,356
80362,"Cliffs of Moher, The Burren and Galway City Tour",Day tour,90,354
3254PK9UWY1646F5C363E,Backpackers Pub Crawl,Walking,24,214
87114,New Years Eve Pub Crawl,Day tour,40,494
87114,New Years Eve Pub Crawl,Day tour,40,494
57653,Airlink Express return travel between Dublin Airport and Dublin's City Centre - Return ticket,Airport transfer,24,427
3254PK9UWY1646F5C363E,Backpackers Pub Crawl,Walking,12,214
27,PM Malahide Castle & Northern Coastal tour,Day tour,0.00,35
87114,New Years Eve Pub Crawl,Day tour,40,494
42736,A day tour of historic Belfast,Day tour,65,255
57517,Airlink Express travel between Dublin Airport and Dublin's City Centre single journey,Airport transfer,7,176
28834,A day tour to the cliffs of Moher,Day tour,200,158
87114,New Years Eve Pub Crawl,Day tour,80,494
3254PK9UWY1646F5C363E,Backpackers Pub Crawl,Walking,12,214
80362,"Cliffs of Moher, The Burren and Galway City Tour",Day tour,45,354
87114,New Years Eve Pub Crawl,Day tour,40,494
87114,New Years Eve Pub Crawl,Day tour,40,494
87114,New Years Eve Pub Crawl,Day tour,40,494
87114,New Years Eve Pub Crawl,Day tour,40,494
87114,New Years Eve Pub Crawl,Day tour,40,494
87114,New Years Eve Pub Crawl,Day tour,40,494
87114,New Years Eve Pub Crawl,Day tour,40,494
87114,New Years Eve Pub Crawl,Day tour,40,494
87114,New Years Eve Pub Crawl,Day tour,40,494
87114,New Years Eve Pub Crawl,Day tour,40,494
87114,New Years Eve Pub Crawl,Day tour,40,494
87114,New Years Eve Pub Crawl,Day tour,40,494
87114,New Years Eve Pub Crawl,Day tour,40,494
87114,New Years Eve Pub Crawl,Day tour,80,494
87114,New Years Eve Pub Crawl,Day tour,40,494
87114,New Years Eve Pub Crawl,Day tour,40,494
87114,New Years Eve Pub Crawl,Day tour,40,494
80362,"Cliffs of Moher, The Burren and Galway City Tour",Day tour,180,354
3254PK9UWY1646F5C363E,Backpackers Pub Crawl,Walking,12,214
3254PK9UWY1646F5C363E,Backpackers Pub Crawl,Walking,12,214
3254PK9UWY1646F5C363E,Backpackers Pub Crawl,Walking,12,214
222R9F69P13CD37A3B1C,Day Tour of Wicklow,Day tour,56,205
3254PK9UWY1646F5C363E,Backpackers Pub Crawl,Walking,24,214
3254PK9UWY1646F5C363E,Backpackers Pub Crawl,Walking,36,214
3254PK9UWY1646F5C363E,Backpackers Pub Crawl,Walking,12,214
3254PK9UWY1646F5C363E,Backpackers Pub Crawl,Walking,12,214
3254PK9UWY1646F5C363E,Backpackers Pub Crawl,Walking,12,214
80362,"Cliffs of Moher, The Burren and Galway City Tour",Day tour,100,354
80362,"Cliffs of Moher, The Burren and Galway City Tour",Day tour,150,354
3254PK9UWY1646F5C363E,Backpackers Pub Crawl,Walking,48,214
3254PK9UWY1646F5C363E,Backpackers Pub Crawl,Walking,24,214
80362,"Cliffs of Moher, The Burren and Galway City Tour",Day tour,100,354
57517,Airlink Express travel between Dublin Airport and Dublin's City Centre single journey,Airport transfer,7,176
3254PK9UWY1646F5C363E,Backpackers Pub Crawl,Walking,12,214
3254PK9UWY1646F5C363E,Backpackers Pub Crawl,Walking,24,214
3254PK9UWY1646F5C363E,Backpackers Pub Crawl,Walking,12,214
57517,Airlink Express travel between Dublin Airport and Dublin's City Centre single journey,Airport transfer,7,176
57653,Airlink Express return travel between Dublin Airport and Dublin's City Centre - Return ticket,Airport transfer,12,427
3254PK9UWY1646F5C363E,Backpackers Pub Crawl,Walking,12,214
3254PK9UWY1646F5C363E,Backpackers Pub Crawl,Walking,12,214
3254PK9UWY1646F5C363E,Backpackers Pub Crawl,Walking,12,214
80362,"Cliffs of Moher, The Burren and Galway City Tour",Day tour,50,354
222R9F69P13CD37A3B1C,Day Tour of Wicklow,Day tour,28,205
3254PK9UWY1646F5C363E,Backpackers Pub Crawl,Walking,12,214
57517,Airlink Express travel between Dublin Airport and Dublin's City Centre single journey,Airport transfer,14,176
57517,Airlink Express travel between Dublin Airport and Dublin's City Centre single journey,Airport transfer,7,176
80362,"Cliffs of Moher, The Burren and Galway City Tour",Day tour,50,354
57517,Airlink Express travel between Dublin Airport and Dublin's City Centre single journey,Airport transfer,7,176
57517,Airlink Express travel between Dublin Airport and Dublin's City Centre single journey,Airport transfer,14,176
3254PK9UWY1646F5C363E,Backpackers Pub Crawl,Walking,12,214
57517,Airlink Express travel between Dublin Airport and Dublin's City Centre single journey,Airport transfer,7,176
57653,Airlink Express return travel between Dublin Airport and Dublin's City Centre - Return ticket,Airport transfer,12,427
57517,Airlink Express travel between Dublin Airport and Dublin's City Centre single journey,Airport transfer,7,176
80362,"Cliffs of Moher, The Burren and Galway City Tour",Day tour,100,354
3254PK9UWY1646F5C363E,Backpackers Pub Crawl,Walking,24,214
3254PK9UWY1646F5C363E,Backpackers Pub Crawl,Walking,24,214
3254PK9UWY1646F5C363E,Backpackers Pub Crawl,Walking,12,214
3254PK9UWY1646F5C363E,Backpackers Pub Crawl,Walking,12,214
3254PK9UWY1646F5C363E,Backpackers Pub Crawl,Walking,12,214
57517,Airlink Express travel between Dublin Airport and Dublin's City Centre single journey,Airport transfer,7,176
57517,Airlink Express travel between Dublin Airport and Dublin's City Centre single journey,Airport transfer,14,176
57517,Airlink Express travel between Dublin Airport and Dublin's City Centre single journey,Airport transfer,7,176
57517,Airlink Express travel between Dublin Airport and Dublin's City Centre single journey,Airport transfer,7,176
57517,Airlink Express travel between Dublin Airport and Dublin's City Centre single journey,Airport transfer,14,176
57517,Airlink Express travel between Dublin Airport and Dublin's City Centre single journey,Airport transfer,7,176
3254PK9UWY1646F5C363E,Backpackers Pub Crawl,Walking,24,214
57517,Airlink Express travel between Dublin Airport and Dublin's City Centre single journey,Airport transfer,7,176
28851,A day tour to the cliffs of Moher,Day tour,45,29
57517,Airlink Express travel between Dublin Airport and Dublin's City Centre single journey,Airport transfer,7,176
3254PK9UWY1646F5C363E,Backpackers Pub Crawl,Walking,12,214
3254PK9UWY1646F5C363E,Backpackers Pub Crawl,Walking,12,214
3254PK9UWY1646F5C363E,Backpackers Pub Crawl,Walking,24,214
3254PK9UWY1646F5C363E,Backpackers Pub Crawl,Walking,12,214
3254PK9UWY1646F5C363E,Backpackers Pub Crawl,Walking,12,214
3254PK9UWY1646F5C363E,Backpackers Pub Crawl,Walking,12,214
3254PK9UWY1646F5C363E,Backpackers Pub Crawl,Walking,12,214
3254PK9UWY1646F5C363E,Backpackers Pub Crawl,Walking,12,214
3254PK9UWY1646F5C363E,Backpackers Pub Crawl,Walking,12,214
57517,Airlink Express travel between Dublin Airport and Dublin's City Centre single journey,Airport transfer,7,176
57517,Airlink Express travel between Dublin Airport and Dublin's City Centre single journey,Airport transfer,7,176
3254PK9UWY1646F5C363E,Backpackers Pub Crawl,Walking,12,214
80362,"Cliffs of Moher, The Burren and Galway City Tour",Day tour,100,354
3254PK9UWY1646F5C363E,Backpackers Pub Crawl,Walking,24,214
3254PK9UWY1646F5C363E,Backpackers Pub Crawl,Walking,12,214
3254PK9UWY1646F5C363E,Backpackers Pub Crawl,Walking,12,214
3254PK9UWY1646F5C363E,Backpackers Pub Crawl,Walking,12,214
80362,"Cliffs of Moher, The Burren and Galway City Tour",Day tour,50,354
80362,"Cliffs of Moher, The Burren and Galway City Tour",Day tour,50,354
3254PK9UWY1646F5C363E,Backpackers Pub Crawl,Walking,12,214
3254PK9UWY1646F5C363E,Backpackers Pub Crawl,Walking,12,214
3254PK9UWY1646F5C363E,Backpackers Pub Crawl,Walking,12,214
3254PK9UWY1646F5C363E,Backpackers Pub Crawl,Walking,12,214
3254PK9UWY1646F5C363E,Backpackers Pub Crawl,Walking,12,214
3254PK9UWY1646F5C363E,Backpackers Pub Crawl,Walking,12,214
3254PK9UWY1646F5C363E,Backpackers Pub Crawl,Walking,12,214
3254PK9UWY1646F5C363E,Backpackers Pub Crawl,Walking,24,214
3254PK9UWY1646F5C363E,Backpackers Pub Crawl,Walking,12,214
3254PK9UWY1646F5C363E,Backpackers Pub Crawl,Walking,12,214
3254PK9UWY1646F5C363E,Backpackers Pub Crawl,Walking,12,214
3254PK9UWY1646F5C363E,Backpackers Pub Crawl,Walking,12,214
57517,Airlink Express travel between Dublin Airport and Dublin's City Centre single journey,Airport transfer,7,176
57517,Airlink Express travel between Dublin Airport and Dublin's City Centre single journey,Airport transfer,7,176
3254PK9UWY1646F5C363E,Backpackers Pub Crawl,Walking,12,214
57517,Airlink Express travel between Dublin Airport and Dublin's City Centre single journey,Airport transfer,7,176
57517,Airlink Express travel between Dublin Airport and Dublin's City Centre single journey,Airport transfer,7,176
57517,Airlink Express travel between Dublin Airport and Dublin's City Centre single journey,Airport transfer,14,176
3254PK9UWY1646F5C363E,Backpackers Pub Crawl,Walking,12,214
57517,Airlink Express travel between Dublin Airport and Dublin's City Centre single journey,Airport transfer,7,176
57517,Airlink Express travel between Dublin Airport and Dublin's City Centre single journey,Airport transfer,7,176
57517,Airlink Express travel between Dublin Airport and Dublin's City Centre single journey,Airport transfer,21,176
80362,"Cliffs of Moher, The Burren and Galway City Tour",Day tour,100,354
80362,"Cliffs of Moher, The Burren and Galway City Tour",Day tour,50,354
57517,Airlink Express travel between Dublin Airport and Dublin's City Centre single journey,Airport transfer,7,176
57517,Airlink Express travel between Dublin Airport and Dublin's City Centre single journey,Airport transfer,14,176
57517,Airlink Express travel between Dublin Airport and Dublin's City Centre single journey,Airport transfer,14,176
57517,Airlink Express travel between Dublin Airport and Dublin's City Centre single journey,Airport transfer,7,176
3254PK9UWY1646F5C363E,Backpackers Pub Crawl,Walking,12,214
57517,Airlink Express travel between Dublin Airport and Dublin's City Centre single journey,Airport transfer,14,176
3254PK9UWY1646F5C363E,Backpackers Pub Crawl,Walking,12,214
3254PK9UWY1646F5C363E,Backpackers Pub Crawl,Walking,12,214
3254PK9UWY1646F5C363E,Backpackers Pub Crawl,Walking,12,214
3254PK9UWY1646F5C363E,Backpackers Pub Crawl,Walking,12,214
3254PK9UWY1646F5C363E,Backpackers Pub Crawl,Walking,12,214
3254PK9UWY1646F5C363E,Backpackers Pub Crawl,Walking,12,214
57517,Airlink Express travel between Dublin Airport and Dublin's City Centre single journey,Airport transfer,14,176
3254PK9UWY1646F5C363E,Backpackers Pub Crawl,Walking,24,214
57517,Airlink Express travel between Dublin Airport and Dublin's City Centre single journey,Airport transfer,7,176
80362,"Cliffs of Moher, The Burren and Galway City Tour",Day tour,50,354
3254PK9UWY1646F5C363E,Backpackers Pub Crawl,Walking,24,214
57517,Airlink Express travel between Dublin Airport and Dublin's City Centre single journey,Airport transfer,7,176
3254PK9UWY1646F5C363E,Backpackers Pub Crawl,Walking,12,214
3254PK9UWY1646F5C363E,Backpackers Pub Crawl,Walking,48,214
57517,Airlink Express travel between Dublin Airport and Dublin's City Centre single journey,Airport transfer,7,176
80362,"Cliffs of Moher, The Burren and Galway City Tour",Day tour,100,354
80362,"Cliffs of Moher, The Burren and Galway City Tour",Day tour,150,354
80362,"Cliffs of Moher, The Burren and Galway City Tour",Day tour,100,354
12150,Giant's Causeway and Game of Thrones location tour from Dublin,Day tour,55,188
57517,Airlink Express travel between Dublin Airport and Dublin's City Centre single journey,Airport transfer,7,176
80362,"Cliffs of Moher, The Burren and Galway City Tour",Day tour,100,354
87554,Guided tour of the Irish Whiskey Museum with three tastings,Museum,18,406
7,Wicklow Mountains & Glendalough tour,Day tour,0.00,182
57517,Airlink Express travel between Dublin Airport and Dublin's City Centre single journey,Airport transfer,7,176
57517,Airlink Express travel between Dublin Airport and Dublin's City Centre single journey,Airport transfer,7,176
57517,Airlink Express travel between Dublin Airport and Dublin's City Centre single journey,Airport transfer,7,176
57517,Airlink Express travel between Dublin Airport and Dublin's City Centre single journey,Airport transfer,14,176
57517,Airlink Express travel between Dublin Airport and Dublin's City Centre single journey,Airport transfer,7,176
3254PK9UWY1646F5C363E,Backpackers Pub Crawl,Walking,12,214
57517,Airlink Express travel between Dublin Airport and Dublin's City Centre single journey,Airport transfer,7,176
3254PK9UWY1646F5C363E,Backpackers Pub Crawl,Walking,12,214
80362,"Cliffs of Moher, The Burren and Galway City Tour",Day tour,100,354
3254PK9UWY1646F5C363E,Backpackers Pub Crawl,Walking,12,214
57517,Airlink Express travel between Dublin Airport and Dublin's City Centre single journey,Airport transfer,7,176
57517,Airlink Express travel between Dublin Airport and Dublin's City Centre single journey,Airport transfer,21,176
53873,A day tour to the cliffs of Moher,Day tour,50,447
57517,Airlink Express travel between Dublin Airport and Dublin's City Centre single journey,Airport transfer,7,176
57517,Airlink Express travel between Dublin Airport and Dublin's City Centre single journey,Airport transfer,7,176
80362,"Cliffs of Moher, The Burren and Galway City Tour",Day tour,50,354
3254PK9UWY1646F5C363E,Backpackers Pub Crawl,Walking,12,214
3254PK9UWY1646F5C363E,Backpackers Pub Crawl,Walking,12,214
57517,Airlink Express travel between Dublin Airport and Dublin's City Centre single journey,Airport transfer,7,176
3254PK9UWY1646F5C363E,Backpackers Pub Crawl,Walking,24,214
80362,"Cliffs of Moher, The Burren and Galway City Tour",Day tour,50,354
57517,Airlink Express travel between Dublin Airport and Dublin's City Centre single journey,Airport transfer,7,176
12256,"Glendalough, Wicklow and Kilkenny tour from Dublin",Day tour,140,161
3254PK9UWY1646F5C363E,Backpackers Pub Crawl,Walking,12,214
3254PK9UWY1646F5C363E,Backpackers Pub Crawl,Walking,12,214
3254PK9UWY1646F5C363E,Backpackers Pub Crawl,Walking,24,214
80362,"Cliffs of Moher, The Burren and Galway City Tour",Day tour,50,354
3254PK9UWY1646F5C363E,Backpackers Pub Crawl,Walking,12,214
3254PK9UWY1646F5C363E,Backpackers Pub Crawl,Walking,12,214
3254PK9UWY1646F5C363E,Backpackers Pub Crawl,Walking,12,214
3254PK9UWY1646F5C363E,Backpackers Pub Crawl,Walking,12,214
3254PK9UWY1646F5C363E,Backpackers Pub Crawl,Walking,12,214
3254PK9UWY1646F5C363E,Backpackers Pub Crawl,Walking,12,214
3254PK9UWY1646F5C363E,Backpackers Pub Crawl,Walking,12,214
3254PK9UWY1646F5C363E,Backpackers Pub Crawl,Walking,12,214
3254PK9UWY1646F5C363E,Backpackers Pub Crawl,Walking,12,214
3254PK9UWY1646F5C363E,Backpackers Pub Crawl,Walking,12,214
3254PK9UWY1646F5C363E,Backpackers Pub Crawl,Walking,12,214
3254PK9UWY1646F5C363E,Backpackers Pub Crawl,Walking,12,214
3254PK9UWY1646F5C363E,Backpackers Pub Crawl,Walking,12,214
3254PK9UWY1646F5C363E,Backpackers Pub Crawl,Walking,12,214
57517,Airlink Express travel between Dublin Airport and Dublin's City Centre single journey,Airport transfer,14,176
12256,"Glendalough, Wicklow and Kilkenny tour from Dublin",Day tour,35,161
3254PK9UWY1646F5C363E,Backpackers Pub Crawl,Walking,36,214
57517,Airlink Express travel between Dublin Airport and Dublin's City Centre single journey,Airport transfer,7,176
3254PK9UWY1646F5C363E,Backpackers Pub Crawl,Walking,12,214
3254PK9UWY1646F5C363E,Backpackers Pub Crawl,Walking,12,214
3254PK9UWY1646F5C363E,Backpackers Pub Crawl,Walking,12,214
3254PK9UWY1646F5C363E,Backpackers Pub Crawl,Walking,12,214
57517,Airlink Express travel between Dublin Airport and Dublin's City Centre single journey,Airport transfer,21,176
57517,Airlink Express travel between Dublin Airport and Dublin's City Centre single journey,Airport transfer,14,176
3254PK9UWY1646F5C363E,Backpackers Pub Crawl,Walking,12,214
3254PK9UWY1646F5C363E,Backpackers Pub Crawl,Walking,12,214
3254PK9UWY1646F5C363E,Backpackers Pub Crawl,Walking,12,214
3254PK9UWY1646F5C363E,Backpackers Pub Crawl,Walking,12,214
80362,"Cliffs of Moher, The Burren and Galway City Tour",Day tour,50,354
3254PK9UWY1646F5C363E,Backpackers Pub Crawl,Walking,12,214
80362,"Cliffs of Moher, The Burren and Galway City Tour",Day tour,100,354
3254PK9UWY1646F5C363E,Backpackers Pub Crawl,Walking,12,214
80362,"Cliffs of Moher, The Burren and Galway City Tour",Day tour,50,354
80362,"Cliffs of Moher, The Burren and Galway City Tour",Day tour,50,354
80362,"Cliffs of Moher, The Burren and Galway City Tour",Day tour,50,354
3254PK9UWY1646F5C363E,Backpackers Pub Crawl,Walking,12,214
3254PK9UWY1646F5C363E,Backpackers Pub Crawl,Walking,12,214
80362,"Cliffs of Moher, The Burren and Galway City Tour",Day tour,250,354
80362,"Cliffs of Moher, The Burren and Galway City Tour",Day tour,50,354
3254PK9UWY1646F5C363E,Backpackers Pub Crawl,Walking,12,214
3254PK9UWY1646F5C363E,Backpackers Pub Crawl,Walking,48,214
3254PK9UWY1646F5C363E,Backpackers Pub Crawl,Walking,12,214
3254PK9UWY1646F5C363E,Backpackers Pub Crawl,Walking,36,214
80362,"Cliffs of Moher, The Burren and Galway City Tour",Day tour,50,354
57517,Airlink Express travel between Dublin Airport and Dublin's City Centre single journey,Airport transfer,7,176
57517,Airlink Express travel between Dublin Airport and Dublin's City Centre single journey,Airport transfer,7,176
3254PK9UWY1646F5C363E,Backpackers Pub Crawl,Walking,12,214
3254PK9UWY1646F5C363E,Backpackers Pub Crawl,Walking,12,214
57517,Airlink Express travel between Dublin Airport and Dublin's City Centre single journey,Airport transfer,59,176
3254MNCE9J15D73F0FA51,Giant’s Causeway Day Tour & Carrick-a-Rede Rope Bridge from Dublin,Day tour,60,90
57517,Airlink Express travel between Dublin Airport and Dublin's City Centre single journey,Airport transfer,14,176
57517,Airlink Express travel between Dublin Airport and Dublin's City Centre single journey,Airport transfer,7,176
57517,Airlink Express travel between Dublin Airport and Dublin's City Centre single journey,Airport transfer,14,176
3254PK9UWY1646F5C363E,Backpackers Pub Crawl,Walking,12,214
57517,Airlink Express travel between Dublin Airport and Dublin's City Centre single journey,Airport transfer,7,176
3254PK9UWY1646F5C363E,Backpackers Pub Crawl,Walking,12,214
3254PK9UWY1646F5C363E,Backpackers Pub Crawl,Walking,12,214
57517,Airlink Express travel between Dublin Airport and Dublin's City Centre single journey,Airport transfer,7,176
57517,Airlink Express travel between Dublin Airport and Dublin's City Centre single journey,Airport transfer,14,176
3254PK9UWY1646F5C363E,Backpackers Pub Crawl,Walking,24,214
3254PK9UWY1646F5C363E,Backpackers Pub Crawl,Walking,12,214
3254PK9UWY1646F5C363E,Backpackers Pub Crawl,Walking,48,214
3254PK9UWY1646F5C363E,Backpackers Pub Crawl,Walking,24,214
3254PK9UWY1646F5C363E,Backpackers Pub Crawl,Walking,24,214
57517,Airlink Express travel between Dublin Airport and Dublin's City Centre single journey,Airport transfer,7,176
3254PK9UWY1646F5C363E,Backpackers Pub Crawl,Walking,12,214
3254PK9UWY1646F5C363E,Backpackers Pub Crawl,Walking,12,214
3254PK9UWY1646F5C363E,Backpackers Pub Crawl,Walking,24,214
3254PK9UWY1646F5C363E,Backpackers Pub Crawl,Walking,12,214
3254PK9UWY1646F5C363E,Backpackers Pub Crawl,Walking,12,214
3254PK9UWY1646F5C363E,Backpackers Pub Crawl,Walking,36,214
3254PK9UWY1646F5C363E,Backpackers Pub Crawl,Walking,12,214
57517,Airlink Express travel between Dublin Airport and Dublin's City Centre single journey,Airport transfer,7,176
12150,Giant's Causeway and Game of Thrones location tour from Dublin,Day tour,55,188
57517,Airlink Express travel between Dublin Airport and Dublin's City Centre single journey,Airport transfer,14,176
57517,Airlink Express travel between Dublin Airport and Dublin's City Centre single journey,Airport transfer,7,176
54251,A guided day trip to Connemara,Day tour,110,368
3254MNCE9J15D73F0FA51,Giant’s Causeway Day Tour & Carrick-a-Rede Rope Bridge from Dublin,Day tour,120,90
53096,A day tour of historic Belfast,Day tour,65,92
80362,"Cliffs of Moher, The Burren and Galway City Tour",Day tour,50,354
3254PK9UWY1646F5C363E,Backpackers Pub Crawl,Walking,12,214
57517,Airlink Express travel between Dublin Airport and Dublin's City Centre single journey,Airport transfer,7,176
57517,Airlink Express travel between Dublin Airport and Dublin's City Centre single journey,Airport transfer,7,176
53097,A day tour of historic Belfast,Day tour,65,93
57517,Airlink Express travel between Dublin Airport and Dublin's City Centre single journey,Airport transfer,7,176
80362,"Cliffs of Moher, The Burren and Galway City Tour",Day tour,100,354
3254MNCE9J15D73F0FA51,Giant’s Causeway Day Tour & Carrick-a-Rede Rope Bridge from Dublin,Day tour,60,90
55004,Giants Causeway day tour ,Day tour,65,255
53895,A day tour to the cliffs of Moher,Day tour,50,23
57517,Airlink Express travel between Dublin Airport and Dublin's City Centre single journey,Airport transfer,7,176
3254PK9UWY1646F5C363E,Backpackers Pub Crawl,Walking,12,214
57517,Airlink Express travel between Dublin Airport and Dublin's City Centre single journey,Airport transfer,7,176
3254PK9UWY1646F5C363E,Backpackers Pub Crawl,Walking,72,214
57517,Airlink Express travel between Dublin Airport and Dublin's City Centre single journey,Airport transfer,7,176
57517,Airlink Express travel between Dublin Airport and Dublin's City Centre single journey,Airport transfer,7,176
