"id","name","cat","cost"
"28739","Cliffs of Moher","Show","50"
"32543C6JA715D7409FEC7","City Sightseeing tour 24 hours pass","fixed","19"
"3254KC7AEA15DCCF7208A","The best of Dublin walking tour","fixed","12"
"3254KC7AEA15DCCF7208A","The best of Dublin walking tour","fixed","12"
"325496PJMA15E4D48E432","Relaxing bike tour of Dublin","fixed","55"
"25391","Celtic Tour-Drogheda and Meath","Show","45"
"25391","Celtic Tour-Drogheda and Meath","Show","45"
"46198","Cliffs of Moher, Wild Atlantic Way, Atlantic Edge Ocean Walk & Galway City 1 Day Tour","Show","150"
"46198","Cliffs of Moher, Wild Atlantic Way, Atlantic Edge Ocean Walk & Galway City 1 Day Tour","Show","100"
"39927","Giants Caueway","Show","260"
"46895","Kilkenny, Wicklow Mountains & Glendalough 1 Day Tour","Show","35"
"46198","Cliffs of Moher, Wild Atlantic Way, Atlantic Edge Ocean Walk & Galway City 1 Day Tour","Show","50"
"325449T6HW15D7402F663","Coastal Dublin tour of Howth village and Malahide Castle","fixed","78"
"3254KC7AEA15DCCF7208A","The best of Dublin walking tour","fixed","28"
"32547X9AC7164F636BD7C","Airlink Express: Dublin Airport to Dublin's City Center","fixed","14"
"32547X9AC7164F636BD7C","Airlink Express: Dublin Airport to Dublin's City Center","fixed","7"
"46198","Cliffs of Moher, Wild Atlantic Way, Atlantic Edge Ocean Walk & Galway City 1 Day Tour","Show","100"
"32547X9AC7164F636BD7C","Airlink Express: Dublin Airport to Dublin's City Center","fixed","14"
"51165","Gravediggers Tour of Dublin","Show","50"
"3254MNCE9J15D73F0FA51","Giants Causeway Shuttle bus","fixed","65"
"32547X9AC7164F636BD7C","Airlink Express: Dublin Airport to Dublin's City Center","fixed","14"
"46198","Cliffs of Moher, Wild Atlantic Way, Atlantic Edge Ocean Walk & Galway City 1 Day Tour","Show","100"
"32547X9AC7164F636BD7C","Airlink Express: Dublin Airport to Dublin's City Center","fixed","14"
"46895","Kilkenny, Wicklow Mountains & Glendalough 1 Day Tour","Show","30"
"46198","Cliffs of Moher, Wild Atlantic Way, Atlantic Edge Ocean Walk & Galway City 1 Day Tour","Show","45"
"57517","Airlink Express travel between Dublin Airport and Dublin's City Centre single journey","Airport transfer","14"
"38169","HAUNTED HISTORY DUBLIN WALK","Walking","75"
"57517","Airlink Express travel between Dublin Airport and Dublin's City Centre single journey","Airport transfer","14"
"57517","Airlink Express travel between Dublin Airport and Dublin's City Centre single journey","Airport transfer","14"
"46895","Kilkenny, Wicklow Mountains & Glendalough 1 Day Tour","Day tour","160"
"57517","Airlink Express travel between Dublin Airport and Dublin's City Centre single journey","Airport transfer","14"
"57517","Airlink Express travel between Dublin Airport and Dublin's City Centre single journey","Airport transfer","14"
"57517","Airlink Express travel between Dublin Airport and Dublin's City Centre single journey","Airport transfer","7"
"28757","A day tour to the cliffs of Moher","Day tour","100"
"3254LX4MX415EA44401A2","Do Dublin Green Hop-on Hop-Off bus tour 24 hour","Sightseeing","20"
"51172","The original pub crawl","Sightseeing","12"
"51172","The original pub crawl","Sightseeing","12"
"3254KXF7W715DA2D46E2D","Guided tour of the Irish Whiskey Museum with three tastings","Museum","18"
"51172","The original pub crawl","Sightseeing","12"
"28764","A day tour to the cliffs of Moher","Day tour","50"
"51172","The original pub crawl","Sightseeing","12"
"51172","The original pub crawl","Sightseeing","12"
"51172","The original pub crawl","Sightseeing","12"
"51172","The original pub crawl","Sightseeing","12"
"51172","The original pub crawl","Sightseeing","12"
"51172","The original pub crawl","Sightseeing","12"
"51172","The original pub crawl","Sightseeing","24"
"46198","Cliffs of Moher, Wild Atlantic Way, Atlantic Edge Ocean Walk & Galway City 1 Day Tour","Day tour","50"
"51172","The original pub crawl","Sightseeing","12"
"53437","A tour of Celtic Ireland through the Boyne Valley","Day tour","80"
"51172","The original pub crawl","Sightseeing","12"
"51172","The original pub crawl","Sightseeing","12"
"51172","The original pub crawl","Sightseeing","24"
"46198","Cliffs of Moher, Wild Atlantic Way, Atlantic Edge Ocean Walk & Galway City 1 Day Tour","Day tour","90"
"51172","The original pub crawl","Sightseeing","12"
"46198","Cliffs of Moher, Wild Atlantic Way, Atlantic Edge Ocean Walk & Galway City 1 Day Tour","Day tour","50"
"51172","The original pub crawl","Sightseeing","12"
"28765","A day tour to the cliffs of Moher","Day tour","45"
"51172","The original pub crawl","Sightseeing","12"
"28765","A day tour to the cliffs of Moher","Day tour","45"
"46198","Cliffs of Moher, Wild Atlantic Way, Atlantic Edge Ocean Walk & Galway City 1 Day Tour","Day tour","50"
"12271","Cliffs Of Moher, the Burren and Galway Tour From Dublin","Day tour","100"
"51172","The original pub crawl","Sightseeing","24"
"51172","The original pub crawl","Sightseeing","12"
"46895","Kilkenny, Wicklow Mountains & Glendalough 1 Day Tour","Day tour","35"
"51172","The original pub crawl","Sightseeing","12"
"46198","Cliffs of Moher, Wild Atlantic Way, Atlantic Edge Ocean Walk & Galway City 1 Day Tour","Day tour","50"
"46198","Cliffs of Moher, Wild Atlantic Way, Atlantic Edge Ocean Walk & Galway City 1 Day Tour","Day tour","50"
"51172","The original pub crawl","Sightseeing","12"
"15","Giant's Causeway Fully Guided experience","Day tour","0.00"
"51172","The original pub crawl","Sightseeing","24"
"51172","The original pub crawl","Sightseeing","12"
"51172","The original pub crawl","Sightseeing","12"
"51172","The original pub crawl","Sightseeing","36"
"51172","The original pub crawl","Sightseeing","12"
"8","Newgrange & Hill of Tara tour","Day tour","0.00"
"11","Cliffs of Moher Fully Guided day trip","Day tour","0.00"
"3254PK9UWY1646F5C363E","Backpackers Pub Crawl","Walking","84"
"3254PK9UWY1646F5C363E","Backpackers Pub Crawl","Walking","12"
"3254PK9UWY1646F5C363E","Backpackers Pub Crawl","Walking","12"
"3254PK9UWY1646F5C363E","Backpackers Pub Crawl","Walking","24"
"3254PK9UWY1646F5C363E","Backpackers Pub Crawl","Walking","12"
"3254PK9UWY1646F5C363E","Backpackers Pub Crawl","Walking","12"
"3254PK9UWY1646F5C363E","Backpackers Pub Crawl","Walking","12"
"46896","Giants Causeway - Belfast Titanic Experience-Black Taxi Tour - Carrick A Rede Rope Bridge ","Day tour","70"
"3254PK9UWY1646F5C363E","Backpackers Pub Crawl","Walking","12"
"3254PK9UWY1646F5C363E","Backpackers Pub Crawl","Walking","24"
"3254PK9UWY1646F5C363E","Backpackers Pub Crawl","Walking","24"
"12271","Cliffs Of Moher, the Burren and Galway Tour From Dublin","Day tour","55"
"3254PK9UWY1646F5C363E","Backpackers Pub Crawl","Walking","12"
"3254PK9UWY1646F5C363E","Backpackers Pub Crawl","Walking","12"
"3254PK9UWY1646F5C363E","Backpackers Pub Crawl","Walking","12"
"3254PK9UWY1646F5C363E","Backpackers Pub Crawl","Walking","12"
"3254PK9UWY1646F5C363E","Backpackers Pub Crawl","Walking","12"
"3254PK9UWY1646F5C363E","Backpackers Pub Crawl","Walking","24"
"46895","Kilkenny, Wicklow Mountains & Glendalough 1 Day Tour","Day tour","35"
"46895","Kilkenny, Wicklow Mountains & Glendalough 1 Day Tour","Day tour","30"
"3254PK9UWY1646F5C363E","Backpackers Pub Crawl","Walking","12"
"3254PK9UWY1646F5C363E","Backpackers Pub Crawl","Walking","12"
"3254PK9UWY1646F5C363E","Backpackers Pub Crawl","Walking","12"
"3254PK9UWY1646F5C363E","Backpackers Pub Crawl","Walking","12"
"3254PK9UWY1646F5C363E","Backpackers Pub Crawl","Walking","12"
"3254PK9UWY1646F5C363E","Backpackers Pub Crawl","Walking","12"
"3254PK9UWY1646F5C363E","Backpackers Pub Crawl","Walking","24"
"3254PK9UWY1646F5C363E","Backpackers Pub Crawl","Walking","12"
"3254PK9UWY1646F5C363E","Backpackers Pub Crawl","Walking","12"
"3254PK9UWY1646F5C363E","Backpackers Pub Crawl","Walking","12"
"46896","Giants Causeway - Belfast Titanic Experience-Black Taxi Tour - Carrick A Rede Rope Bridge ","Day tour","65"
"18010","Belfast Titanic and Giant's Causeway tour from Dublin","Day tour","75"
"3254PK9UWY1646F5C363E","Backpackers Pub Crawl","Walking","24"
"3254PK9UWY1646F5C363E","Backpackers Pub Crawl","Walking","12"
"3254PK9UWY1646F5C363E","Backpackers Pub Crawl","Walking","12"
"3254PK9UWY1646F5C363E","Backpackers Pub Crawl","Walking","12"
"3254PK9UWY1646F5C363E","Backpackers Pub Crawl","Walking","12"
"3254PK9UWY1646F5C363E","Backpackers Pub Crawl","Walking","12"
"3254PK9UWY1646F5C363E","Backpackers Pub Crawl","Walking","12"
"12150","Game of Thrones location tour from Dublin","Day tour","65"
"3254PK9UWY1646F5C363E","Backpackers Pub Crawl","Walking","12"
"3254PK9UWY1646F5C363E","Backpackers Pub Crawl","Walking","60"
"3254PK9UWY1646F5C363E","Backpackers Pub Crawl","Walking","60"
"11","Cliffs of Moher Fully Guided day trip","Day tour","0.00"
"11","Cliffs of Moher Fully Guided day trip","Day tour","0.00"
"11","Cliffs of Moher Fully Guided day trip","Day tour","0.00"
"11","Cliffs of Moher Fully Guided day trip","Day tour","0.00"
"3254PK9UWY1646F5C363E","Backpackers Pub Crawl","Walking","12"
"3254PK9UWY1646F5C363E","Backpackers Pub Crawl","Walking","12"
"3254PK9UWY1646F5C363E","Backpackers Pub Crawl","Walking","12"
"3254PK9UWY1646F5C363E","Backpackers Pub Crawl","Walking","12"
"3254PK9UWY1646F5C363E","Backpackers Pub Crawl","Walking","12"
"3254PK9UWY1646F5C363E","Backpackers Pub Crawl","Walking","12"
"3254PK9UWY1646F5C363E","Backpackers Pub Crawl","Walking","12"
"3254PK9UWY1646F5C363E","Backpackers Pub Crawl","Walking","12"
"3254PK9UWY1646F5C363E","Backpackers Pub Crawl","Walking","12"
"3254PK9UWY1646F5C363E","Backpackers Pub Crawl","Walking","12"
"3254PK9UWY1646F5C363E","Backpackers Pub Crawl","Walking","12"
"3254PK9UWY1646F5C363E","Backpackers Pub Crawl","Walking","12"
"3254PK9UWY1646F5C363E","Backpackers Pub Crawl","Walking","12"
"3254PK9UWY1646F5C363E","Backpackers Pub Crawl","Walking","12"
"3254PK9UWY1646F5C363E","Backpackers Pub Crawl","Walking","12"
"3254PK9UWY1646F5C363E","Backpackers Pub Crawl","Walking","12"
"3254PK9UWY1646F5C363E","Backpackers Pub Crawl","Walking","12"
"3254PK9UWY1646F5C363E","Backpackers Pub Crawl","Walking","12"
"3254PK9UWY1646F5C363E","Backpackers Pub Crawl","Walking","12"
"3254PK9UWY1646F5C363E","Backpackers Pub Crawl","Walking","12"
"3254PK9UWY1646F5C363E","Backpackers Pub Crawl","Walking","12"
"3254PK9UWY1646F5C363E","Backpackers Pub Crawl","Walking","12"
"3254PK9UWY1646F5C363E","Backpackers Pub Crawl","Walking","12"
"3254PK9UWY1646F5C363E","Backpackers Pub Crawl","Walking","12"
"3254PK9UWY1646F5C363E","Backpackers Pub Crawl","Walking","12"
"12271","Cliffs Of Moher, the Burren and Galway Tour From Dublin","Day tour","40"
"3254PK9UWY1646F5C363E","Backpackers Pub Crawl","Walking","12"
"3254PK9UWY1646F5C363E","Backpackers Pub Crawl","Walking","12"
"3254PK9UWY1646F5C363E","Backpackers Pub Crawl","Walking","12"
"12150","Giant's Causeway and Game of Thrones location tour from Dublin","Day tour","55"
"3254PK9UWY1646F5C363E","Backpackers Pub Crawl","Walking","12"
"7","Wicklow Mountains & Glendalough tour","Day tour","0.00"
"3254PK9UWY1646F5C363E","Backpackers Pub Crawl","Walking","12"
"3254PK9UWY1646F5C363E","Backpackers Pub Crawl","Walking","12"
"12271","Cliffs Of Moher, the Burren and Galway Tour From Dublin","Day tour","40"
"3254PK9UWY1646F5C363E","Backpackers Pub Crawl","Walking","12"
"12271","Cliffs Of Moher, the Burren and Galway Tour From Dublin","Day tour","80"
"15","Giant's Causeway Fully Guided experience","Day tour","0.00"
"15","Giant's Causeway Fully Guided experience","Day tour","0.00"
"28792","A day tour to the cliffs of Moher","Day tour","140"
"3254PK9UWY1646F5C363E","Backpackers Pub Crawl","Walking","36"
"3254PK9UWY1646F5C363E","Backpackers Pub Crawl","Walking","12"
"3254PK9UWY1646F5C363E","Backpackers Pub Crawl","Walking","12"
"3254PK9UWY1646F5C363E","Backpackers Pub Crawl","Walking","12"
"3254PK9UWY1646F5C363E","Backpackers Pub Crawl","Walking","12"
"3254PK9UWY1646F5C363E","Backpackers Pub Crawl","Walking","12"
"11","Cliffs of Moher Fully Guided day trip","Day tour","0.00"
"15","Giant's Causeway Fully Guided experience","Day tour","0.00"
"7","Wicklow Mountains & Glendalough tour","Day tour","0.00"
"12271","Cliffs Of Moher, the Burren and Galway Tour From Dublin","Day tour","40"
"3254PK9UWY1646F5C363E","Backpackers Pub Crawl","Walking","12"
"7","Wicklow Mountains & Glendalough tour","Day tour","0.00"
"3254MNCE9J15D73F0FA51","Giant’s Causeway Day Tour & Carrick-a-Rede Rope Bridge from Dublin","Day tour","55"
"12271","Cliffs Of Moher, the Burren and Galway Tour From Dublin","Day tour","40"
"3254PK9UWY1646F5C363E","Backpackers Pub Crawl","Walking","12"
"3254PK9UWY1646F5C363E","Backpackers Pub Crawl","Walking","72"
"40084","Giants Causeway day tour ","Day tour","130"
"28799","A day tour to the cliffs of Moher","Day tour","100"
"3254PK9UWY1646F5C363E","Backpackers Pub Crawl","Walking","12"
"12271","Cliffs Of Moher, the Burren and Galway Tour From Dublin","Day tour","40"
"3254PK9UWY1646F5C363E","Backpackers Pub Crawl","Walking","12"
"3254PK9UWY1646F5C363E","Backpackers Pub Crawl","Walking","12"
"12271","Cliffs Of Moher, the Burren and Galway Tour From Dublin","Day tour","120"
"3254MNCE9J15D73F0FA51","Giant’s Causeway Day Tour & Carrick-a-Rede Rope Bridge from Dublin","Day tour","165"
"3254PK9UWY1646F5C363E","Backpackers Pub Crawl","Walking","12"
"12271","Cliffs Of Moher, the Burren and Galway Tour From Dublin","Day tour","80"
"3254PK9UWY1646F5C363E","Backpackers Pub Crawl","Walking","24"
"15","Giant's Causeway Fully Guided experience","Day tour","0.00"
"3254PK9UWY1646F5C363E","Backpackers Pub Crawl","Walking","12"
"3254PK9UWY1646F5C363E","Backpackers Pub Crawl","Walking","12"
"12271","Cliffs Of Moher, the Burren and Galway Tour From Dublin","Day tour","80"
"3254PK9UWY1646F5C363E","Backpackers Pub Crawl","Walking","24"
"12271","Cliffs Of Moher, the Burren and Galway Tour From Dublin","Day tour","40"
"3254MNCE9J15D73F0FA51","Giant’s Causeway Day Tour & Carrick-a-Rede Rope Bridge from Dublin","Day tour","165"
"28805","A day tour to the cliffs of Moher","Day tour","100"
"12271","Cliffs Of Moher, the Burren and Galway Tour From Dublin","Day tour","120"
"12271","Cliffs Of Moher, the Burren and Galway Tour From Dublin","Day tour","80"
"3254MNCE9J15D73F0FA51","Giant’s Causeway Day Tour & Carrick-a-Rede Rope Bridge from Dublin","Day tour","55"
"3254PK9UWY1646F5C363E","Backpackers Pub Crawl","Walking","36"
"3254PK9UWY1646F5C363E","Backpackers Pub Crawl","Walking","36"
"3254PK9UWY1646F5C363E","Backpackers Pub Crawl","Walking","24"
"3254PK9UWY1646F5C363E","Backpackers Pub Crawl","Walking","36"
"3254PK9UWY1646F5C363E","Backpackers Pub Crawl","Walking","24"
"12271","Cliffs Of Moher, the Burren and Galway Tour From Dublin","Day tour","40"
"3254PK9UWY1646F5C363E","Backpackers Pub Crawl","Walking","12"
"3254PK9UWY1646F5C363E","Backpackers Pub Crawl","Walking","24"
"3254PK9UWY1646F5C363E","Backpackers Pub Crawl","Walking","24"
"12271","Cliffs Of Moher, the Burren and Galway Tour From Dublin","Day tour","40"
"3254PK9UWY1646F5C363E","Backpackers Pub Crawl","Walking","24"
"3254PK9UWY1646F5C363E","Backpackers Pub Crawl","Walking","12"
"80362","Cliffs of Moher, The Burren and Galway City Tour","Day tour","50"
"3254PK9UWY1646F5C363E","Backpackers Pub Crawl","Walking","12"
"3254PK9UWY1646F5C363E","Backpackers Pub Crawl","Walking","12"
"3254PK9UWY1646F5C363E","Backpackers Pub Crawl","Walking","12"
"43197","A guided day trip to Connemara","Day tour","55"
"3254PK9UWY1646F5C363E","Backpackers Pub Crawl","Walking","12"
"3254PK9UWY1646F5C363E","Backpackers Pub Crawl","Walking","12"
"3254PK9UWY1646F5C363E","Backpackers Pub Crawl","Walking","12"
"3254PK9UWY1646F5C363E","Backpackers Pub Crawl","Walking","12"
"3254PK9UWY1646F5C363E","Backpackers Pub Crawl","Walking","12"
"3254PK9UWY1646F5C363E","Backpackers Pub Crawl","Walking","12"
"325449T6HW15D7402F663","Coastal Dublin tour of Howth village and Malahide Castle","Day tour","26"
"57517","Airlink Express travel between Dublin Airport and Dublin's City Centre single journey","Airport transfer","7"
"57517","Airlink Express travel between Dublin Airport and Dublin's City Centre single journey","Airport transfer","14"
"3254PK9UWY1646F5C363E","Backpackers Pub Crawl","Walking","12"
"57517","Airlink Express travel between Dublin Airport and Dublin's City Centre single journey","Airport transfer","14"
"3254PK9UWY1646F5C363E","Backpackers Pub Crawl","Walking","24"
"3254PK9UWY1646F5C363E","Backpackers Pub Crawl","Walking","12"
"28820","A day tour to the cliffs of Moher","Day tour","90"
"80362","Cliffs of Moher, The Burren and Galway City Tour","Day tour","50"
"12271","Cliffs Of Moher, Burren and Galway Tour From Dublin","Day tour","40"
"80362","Cliffs of Moher, The Burren and Galway City Tour","Day tour","100"
"80362","Cliffs of Moher, The Burren and Galway City Tour","Day tour","100"
"3254PK9UWY1646F5C363E","Backpackers Pub Crawl","Walking","12"
"3254PK9UWY1646F5C363E","Backpackers Pub Crawl","Walking","12"
"3254PK9UWY1646F5C363E","Backpackers Pub Crawl","Walking","60"
"3254PK9UWY1646F5C363E","Backpackers Pub Crawl","Walking","48"
"3254PK9UWY1646F5C363E","Backpackers Pub Crawl","Walking","12"
"3254PK9UWY1646F5C363E","Backpackers Pub Crawl","Walking","12"
"3254PK9UWY1646F5C363E","Backpackers Pub Crawl","Walking","12"
"3254PK9UWY1646F5C363E","Backpackers Pub Crawl","Walking","12"
"57517","Airlink Express travel between Dublin Airport and Dublin's City Centre single journey","Airport transfer","28"
"3254PK9UWY1646F5C363E","Backpackers Pub Crawl","Walking","12"
"3254PK9UWY1646F5C363E","Backpackers Pub Crawl","Walking","24"
"3254PK9UWY1646F5C363E","Backpackers Pub Crawl","Walking","36"
"3254PK9UWY1646F5C363E","Backpackers Pub Crawl","Walking","24"
"3254PK9UWY1646F5C363E","Backpackers Pub Crawl","Walking","12"
"3254PK9UWY1646F5C363E","Backpackers Pub Crawl","Walking","12"
"3254MNCE9J15D73F0FA51","Giant’s Causeway Day Tour & Carrick-a-Rede Rope Bridge from Dublin","Day tour","60"
"28823","A day tour to the cliffs of Moher","Day tour","50"
"28823","A day tour to the cliffs of Moher","Day tour","50"
"80362","Cliffs of Moher, The Burren and Galway City Tour","Day tour","45"
"3254PK9UWY1646F5C363E","Backpackers Pub Crawl","Walking","12"
"3254PK9UWY1646F5C363E","Backpackers Pub Crawl","Walking","12"
"3254PK9UWY1646F5C363E","Backpackers Pub Crawl","Walking","12"
"3254PK9UWY1646F5C363E","Backpackers Pub Crawl","Walking","12"
"3254PK9UWY1646F5C363E","Backpackers Pub Crawl","Walking","12"
"57653","Airlink Express return travel between Dublin Airport and Dublin's City Centre - Return ticket","Airport transfer","12"
"18010","Giant's Causeway and Belfast Titanic tour from Dublin","Day tour","50"
"3254PK9UWY1646F5C363E","Backpackers Pub Crawl","Walking","12"
"28824","A day tour to the cliffs of Moher","Day tour","45"
"28824","A day tour to the cliffs of Moher","Day tour","45"
"80362","Cliffs of Moher, The Burren and Galway City Tour","Day tour","135"
"3254PK9UWY1646F5C363E","Backpackers Pub Crawl","Walking","24"
"222R9F69P13CD37A3B1C","Day Tour of Wicklow","Day tour","25"
"80362","Cliffs of Moher, The Burren and Galway City Tour","Day tour","90"
"3254PK9UWY1646F5C363E","Backpackers Pub Crawl","Walking","12"
"3254PK9UWY1646F5C363E","Backpackers Pub Crawl","Walking","24"
"3254PK9UWY1646F5C363E","Backpackers Pub Crawl","Walking","36"
"3254PK9UWY1646F5C363E","Backpackers Pub Crawl","Walking","12"
"80362","Cliffs of Moher, The Burren and Galway City Tour","Day tour","45"
"80362","Cliffs of Moher, The Burren and Galway City Tour","Day tour","45"
"80362","Cliffs of Moher, The Burren and Galway City Tour","Day tour","45"
"80362","Cliffs of Moher, The Burren and Galway City Tour","Day tour","45"
"80362","Cliffs of Moher, The Burren and Galway City Tour","Day tour","45"
"3254PK9UWY1646F5C363E","Backpackers Pub Crawl","Walking","24"
"3254PK9UWY1646F5C363E","Backpackers Pub Crawl","Walking","12"
"3254PK9UWY1646F5C363E","Backpackers Pub Crawl","Walking","12"
"54942","Giants Causeway day tour ","Day tour","65"
"3254PK9UWY1646F5C363E","Backpackers Pub Crawl","Walking","24"
"54946","Giants Causeway day tour ","Day tour","130"
"57517","Airlink Express travel between Dublin Airport and Dublin's City Centre single journey","Airport transfer","7"
"3254PK9UWY1646F5C363E","Backpackers Pub Crawl","Walking","36"
"80362","Cliffs of Moher, The Burren and Galway City Tour","Day tour","180"
"3254PK9UWY1646F5C363E","Backpackers Pub Crawl","Walking","24"
"57517","Airlink Express travel between Dublin Airport and Dublin's City Centre single journey","Airport transfer","7"
"28828","A day tour to the cliffs of Moher","Day tour","100"
"3254PK9UWY1646F5C363E","Backpackers Pub Crawl","Walking","12"
"38169","Haunted History walking tour of Dublin","Walking","30"
"57517","Airlink Express travel between Dublin Airport and Dublin's City Centre single journey","Airport transfer","7"
"28831","A day tour to the cliffs of Moher","Day tour","50"
"28830","A day tour to the cliffs of Moher","Day tour","50"
"7","Wicklow Mountains & Glendalough tour","Day tour","0.00"
"80362","Cliffs of Moher, The Burren and Galway City Tour","Day tour","45"
"18010","Giant's Causeway and Belfast Titanic tour from Dublin","Day tour","150"
"80362","Cliffs of Moher, The Burren and Galway City Tour","Day tour","135"
"28832","A day tour to the cliffs of Moher","Day tour","50"
"28832","A day tour to the cliffs of Moher","Day tour","100"
"80362","Cliffs of Moher, The Burren and Galway City Tour","Day tour","45"
"80362","Cliffs of Moher, The Burren and Galway City Tour","Day tour","45"
"3254PK9UWY1646F5C363E","Backpackers Pub Crawl","Walking","12"
"3254PK9UWY1646F5C363E","Backpackers Pub Crawl","Walking","12"
"3254PK9UWY1646F5C363E","Backpackers Pub Crawl","Walking","12"
"80362","Cliffs of Moher, The Burren and Galway City Tour","Day tour","90"
"15","Giant's Causeway Fully Guided experience","Day tour","0.00"
"80362","Cliffs of Moher, The Burren and Galway City Tour","Day tour","90"
"3254PK9UWY1646F5C363E","Backpackers Pub Crawl","Walking","24"
"87114","New Years Eve Pub Crawl","Day tour","40"
"87114","New Years Eve Pub Crawl","Day tour","40"
"57653","Airlink Express return travel between Dublin Airport and Dublin's City Centre - Return ticket","Airport transfer","24"
"3254PK9UWY1646F5C363E","Backpackers Pub Crawl","Walking","12"
"27","PM Malahide Castle & Northern Coastal tour","Day tour","0.00"
"87114","New Years Eve Pub Crawl","Day tour","40"
"42736","A day tour of historic Belfast","Day tour","65"
"57517","Airlink Express travel between Dublin Airport and Dublin's City Centre single journey","Airport transfer","7"
"28834","A day tour to the cliffs of Moher","Day tour","200"
"87114","New Years Eve Pub Crawl","Day tour","80"
"3254PK9UWY1646F5C363E","Backpackers Pub Crawl","Walking","12"
"80362","Cliffs of Moher, The Burren and Galway City Tour","Day tour","45"
"87114","New Years Eve Pub Crawl","Day tour","40"
"87114","New Years Eve Pub Crawl","Day tour","40"
"87114","New Years Eve Pub Crawl","Day tour","40"
"87114","New Years Eve Pub Crawl","Day tour","40"
"87114","New Years Eve Pub Crawl","Day tour","40"
"87114","New Years Eve Pub Crawl","Day tour","40"
"87114","New Years Eve Pub Crawl","Day tour","40"
"87114","New Years Eve Pub Crawl","Day tour","40"
"87114","New Years Eve Pub Crawl","Day tour","40"
"87114","New Years Eve Pub Crawl","Day tour","40"
"87114","New Years Eve Pub Crawl","Day tour","40"
"87114","New Years Eve Pub Crawl","Day tour","40"
"87114","New Years Eve Pub Crawl","Day tour","40"
"87114","New Years Eve Pub Crawl","Day tour","80"
"87114","New Years Eve Pub Crawl","Day tour","40"
"87114","New Years Eve Pub Crawl","Day tour","40"
"87114","New Years Eve Pub Crawl","Day tour","40"
"80362","Cliffs of Moher, The Burren and Galway City Tour","Day tour","180"
"3254PK9UWY1646F5C363E","Backpackers Pub Crawl","Walking","12"
"3254PK9UWY1646F5C363E","Backpackers Pub Crawl","Walking","12"
"3254PK9UWY1646F5C363E","Backpackers Pub Crawl","Walking","12"
"222R9F69P13CD37A3B1C","Day Tour of Wicklow","Day tour","56"
"3254PK9UWY1646F5C363E","Backpackers Pub Crawl","Walking","24"
"3254PK9UWY1646F5C363E","Backpackers Pub Crawl","Walking","36"
"3254PK9UWY1646F5C363E","Backpackers Pub Crawl","Walking","12"
"3254PK9UWY1646F5C363E","Backpackers Pub Crawl","Walking","12"
"3254PK9UWY1646F5C363E","Backpackers Pub Crawl","Walking","12"
"80362","Cliffs of Moher, The Burren and Galway City Tour","Day tour","100"
"80362","Cliffs of Moher, The Burren and Galway City Tour","Day tour","150"
"3254PK9UWY1646F5C363E","Backpackers Pub Crawl","Walking","48"
"3254PK9UWY1646F5C363E","Backpackers Pub Crawl","Walking","24"
"80362","Cliffs of Moher, The Burren and Galway City Tour","Day tour","100"
"57517","Airlink Express travel between Dublin Airport and Dublin's City Centre single journey","Airport transfer","7"
"3254PK9UWY1646F5C363E","Backpackers Pub Crawl","Walking","12"
"3254PK9UWY1646F5C363E","Backpackers Pub Crawl","Walking","24"
"3254PK9UWY1646F5C363E","Backpackers Pub Crawl","Walking","12"
"57517","Airlink Express travel between Dublin Airport and Dublin's City Centre single journey","Airport transfer","7"
"57653","Airlink Express return travel between Dublin Airport and Dublin's City Centre - Return ticket","Airport transfer","12"
"3254PK9UWY1646F5C363E","Backpackers Pub Crawl","Walking","12"
"3254PK9UWY1646F5C363E","Backpackers Pub Crawl","Walking","12"
"3254PK9UWY1646F5C363E","Backpackers Pub Crawl","Walking","12"
"80362","Cliffs of Moher, The Burren and Galway City Tour","Day tour","50"
"222R9F69P13CD37A3B1C","Day Tour of Wicklow","Day tour","28"
"3254PK9UWY1646F5C363E","Backpackers Pub Crawl","Walking","12"
"57517","Airlink Express travel between Dublin Airport and Dublin's City Centre single journey","Airport transfer","14"
"57517","Airlink Express travel between Dublin Airport and Dublin's City Centre single journey","Airport transfer","7"
"80362","Cliffs of Moher, The Burren and Galway City Tour","Day tour","50"
"57517","Airlink Express travel between Dublin Airport and Dublin's City Centre single journey","Airport transfer","7"
"57517","Airlink Express travel between Dublin Airport and Dublin's City Centre single journey","Airport transfer","14"
"3254PK9UWY1646F5C363E","Backpackers Pub Crawl","Walking","12"
"57517","Airlink Express travel between Dublin Airport and Dublin's City Centre single journey","Airport transfer","7"
"57653","Airlink Express return travel between Dublin Airport and Dublin's City Centre - Return ticket","Airport transfer","12"
"57517","Airlink Express travel between Dublin Airport and Dublin's City Centre single journey","Airport transfer","7"
"80362","Cliffs of Moher, The Burren and Galway City Tour","Day tour","100"
"3254PK9UWY1646F5C363E","Backpackers Pub Crawl","Walking","24"
"3254PK9UWY1646F5C363E","Backpackers Pub Crawl","Walking","24"
"3254PK9UWY1646F5C363E","Backpackers Pub Crawl","Walking","12"
"3254PK9UWY1646F5C363E","Backpackers Pub Crawl","Walking","12"
"3254PK9UWY1646F5C363E","Backpackers Pub Crawl","Walking","12"
"57517","Airlink Express travel between Dublin Airport and Dublin's City Centre single journey","Airport transfer","7"
"57517","Airlink Express travel between Dublin Airport and Dublin's City Centre single journey","Airport transfer","14"
"57517","Airlink Express travel between Dublin Airport and Dublin's City Centre single journey","Airport transfer","7"
"57517","Airlink Express travel between Dublin Airport and Dublin's City Centre single journey","Airport transfer","7"
"57517","Airlink Express travel between Dublin Airport and Dublin's City Centre single journey","Airport transfer","14"
"57517","Airlink Express travel between Dublin Airport and Dublin's City Centre single journey","Airport transfer","7"
"3254PK9UWY1646F5C363E","Backpackers Pub Crawl","Walking","24"
"57517","Airlink Express travel between Dublin Airport and Dublin's City Centre single journey","Airport transfer","7"
"28851","A day tour to the cliffs of Moher","Day tour","45"
"57517","Airlink Express travel between Dublin Airport and Dublin's City Centre single journey","Airport transfer","7"
"3254PK9UWY1646F5C363E","Backpackers Pub Crawl","Walking","12"
"3254PK9UWY1646F5C363E","Backpackers Pub Crawl","Walking","12"
"3254PK9UWY1646F5C363E","Backpackers Pub Crawl","Walking","24"
"3254PK9UWY1646F5C363E","Backpackers Pub Crawl","Walking","12"
"3254PK9UWY1646F5C363E","Backpackers Pub Crawl","Walking","12"
"3254PK9UWY1646F5C363E","Backpackers Pub Crawl","Walking","12"
"3254PK9UWY1646F5C363E","Backpackers Pub Crawl","Walking","12"
"3254PK9UWY1646F5C363E","Backpackers Pub Crawl","Walking","12"
"3254PK9UWY1646F5C363E","Backpackers Pub Crawl","Walking","12"
"57517","Airlink Express travel between Dublin Airport and Dublin's City Centre single journey","Airport transfer","7"
"57517","Airlink Express travel between Dublin Airport and Dublin's City Centre single journey","Airport transfer","7"
"3254PK9UWY1646F5C363E","Backpackers Pub Crawl","Walking","12"
"80362","Cliffs of Moher, The Burren and Galway City Tour","Day tour","100"
"3254PK9UWY1646F5C363E","Backpackers Pub Crawl","Walking","24"
"3254PK9UWY1646F5C363E","Backpackers Pub Crawl","Walking","12"
"3254PK9UWY1646F5C363E","Backpackers Pub Crawl","Walking","12"
"3254PK9UWY1646F5C363E","Backpackers Pub Crawl","Walking","12"
"80362","Cliffs of Moher, The Burren and Galway City Tour","Day tour","50"
"80362","Cliffs of Moher, The Burren and Galway City Tour","Day tour","50"
"3254PK9UWY1646F5C363E","Backpackers Pub Crawl","Walking","12"
"3254PK9UWY1646F5C363E","Backpackers Pub Crawl","Walking","12"
"3254PK9UWY1646F5C363E","Backpackers Pub Crawl","Walking","12"
"3254PK9UWY1646F5C363E","Backpackers Pub Crawl","Walking","12"
"3254PK9UWY1646F5C363E","Backpackers Pub Crawl","Walking","12"
"3254PK9UWY1646F5C363E","Backpackers Pub Crawl","Walking","12"
"3254PK9UWY1646F5C363E","Backpackers Pub Crawl","Walking","12"
"3254PK9UWY1646F5C363E","Backpackers Pub Crawl","Walking","24"
"3254PK9UWY1646F5C363E","Backpackers Pub Crawl","Walking","12"
"3254PK9UWY1646F5C363E","Backpackers Pub Crawl","Walking","12"
"3254PK9UWY1646F5C363E","Backpackers Pub Crawl","Walking","12"
"3254PK9UWY1646F5C363E","Backpackers Pub Crawl","Walking","12"
"57517","Airlink Express travel between Dublin Airport and Dublin's City Centre single journey","Airport transfer","7"
"57517","Airlink Express travel between Dublin Airport and Dublin's City Centre single journey","Airport transfer","7"
"3254PK9UWY1646F5C363E","Backpackers Pub Crawl","Walking","12"
"57517","Airlink Express travel between Dublin Airport and Dublin's City Centre single journey","Airport transfer","7"
"57517","Airlink Express travel between Dublin Airport and Dublin's City Centre single journey","Airport transfer","7"
"57517","Airlink Express travel between Dublin Airport and Dublin's City Centre single journey","Airport transfer","14"
"3254PK9UWY1646F5C363E","Backpackers Pub Crawl","Walking","12"
"57517","Airlink Express travel between Dublin Airport and Dublin's City Centre single journey","Airport transfer","7"
"57517","Airlink Express travel between Dublin Airport and Dublin's City Centre single journey","Airport transfer","7"
"57517","Airlink Express travel between Dublin Airport and Dublin's City Centre single journey","Airport transfer","21"
"80362","Cliffs of Moher, The Burren and Galway City Tour","Day tour","100"
"80362","Cliffs of Moher, The Burren and Galway City Tour","Day tour","50"
"57517","Airlink Express travel between Dublin Airport and Dublin's City Centre single journey","Airport transfer","7"
"57517","Airlink Express travel between Dublin Airport and Dublin's City Centre single journey","Airport transfer","14"
"57517","Airlink Express travel between Dublin Airport and Dublin's City Centre single journey","Airport transfer","14"
"57517","Airlink Express travel between Dublin Airport and Dublin's City Centre single journey","Airport transfer","7"
"3254PK9UWY1646F5C363E","Backpackers Pub Crawl","Walking","12"
"57517","Airlink Express travel between Dublin Airport and Dublin's City Centre single journey","Airport transfer","14"
"3254PK9UWY1646F5C363E","Backpackers Pub Crawl","Walking","12"
"3254PK9UWY1646F5C363E","Backpackers Pub Crawl","Walking","12"
"3254PK9UWY1646F5C363E","Backpackers Pub Crawl","Walking","12"
"3254PK9UWY1646F5C363E","Backpackers Pub Crawl","Walking","12"
"3254PK9UWY1646F5C363E","Backpackers Pub Crawl","Walking","12"
"3254PK9UWY1646F5C363E","Backpackers Pub Crawl","Walking","12"
"57517","Airlink Express travel between Dublin Airport and Dublin's City Centre single journey","Airport transfer","14"
"3254PK9UWY1646F5C363E","Backpackers Pub Crawl","Walking","24"
"57517","Airlink Express travel between Dublin Airport and Dublin's City Centre single journey","Airport transfer","7"
"80362","Cliffs of Moher, The Burren and Galway City Tour","Day tour","50"
"3254PK9UWY1646F5C363E","Backpackers Pub Crawl","Walking","24"
"57517","Airlink Express travel between Dublin Airport and Dublin's City Centre single journey","Airport transfer","7"
"3254PK9UWY1646F5C363E","Backpackers Pub Crawl","Walking","12"
"3254PK9UWY1646F5C363E","Backpackers Pub Crawl","Walking","48"
"57517","Airlink Express travel between Dublin Airport and Dublin's City Centre single journey","Airport transfer","7"
"80362","Cliffs of Moher, The Burren and Galway City Tour","Day tour","100"
"80362","Cliffs of Moher, The Burren and Galway City Tour","Day tour","150"
"80362","Cliffs of Moher, The Burren and Galway City Tour","Day tour","100"
"12150","Giant's Causeway and Game of Thrones location tour from Dublin","Day tour","55"
"57517","Airlink Express travel between Dublin Airport and Dublin's City Centre single journey","Airport transfer","7"
"80362","Cliffs of Moher, The Burren and Galway City Tour","Day tour","100"
"87554","Guided tour of the Irish Whiskey Museum with three tastings","Museum","18"
"7","Wicklow Mountains & Glendalough tour","Day tour","0.00"
"57517","Airlink Express travel between Dublin Airport and Dublin's City Centre single journey","Airport transfer","7"
"57517","Airlink Express travel between Dublin Airport and Dublin's City Centre single journey","Airport transfer","7"
"57517","Airlink Express travel between Dublin Airport and Dublin's City Centre single journey","Airport transfer","7"
"57517","Airlink Express travel between Dublin Airport and Dublin's City Centre single journey","Airport transfer","14"
"57517","Airlink Express travel between Dublin Airport and Dublin's City Centre single journey","Airport transfer","7"
"3254PK9UWY1646F5C363E","Backpackers Pub Crawl","Walking","12"
"57517","Airlink Express travel between Dublin Airport and Dublin's City Centre single journey","Airport transfer","7"
"3254PK9UWY1646F5C363E","Backpackers Pub Crawl","Walking","12"
"80362","Cliffs of Moher, The Burren and Galway City Tour","Day tour","100"
"3254PK9UWY1646F5C363E","Backpackers Pub Crawl","Walking","12"
"57517","Airlink Express travel between Dublin Airport and Dublin's City Centre single journey","Airport transfer","7"
"57517","Airlink Express travel between Dublin Airport and Dublin's City Centre single journey","Airport transfer","21"
"53873","A day tour to the cliffs of Moher","Day tour","50"
"57517","Airlink Express travel between Dublin Airport and Dublin's City Centre single journey","Airport transfer","7"
"57517","Airlink Express travel between Dublin Airport and Dublin's City Centre single journey","Airport transfer","7"
"80362","Cliffs of Moher, The Burren and Galway City Tour","Day tour","50"
"3254PK9UWY1646F5C363E","Backpackers Pub Crawl","Walking","12"
"3254PK9UWY1646F5C363E","Backpackers Pub Crawl","Walking","12"
"57517","Airlink Express travel between Dublin Airport and Dublin's City Centre single journey","Airport transfer","7"
"3254PK9UWY1646F5C363E","Backpackers Pub Crawl","Walking","24"
"80362","Cliffs of Moher, The Burren and Galway City Tour","Day tour","50"
"57517","Airlink Express travel between Dublin Airport and Dublin's City Centre single journey","Airport transfer","7"
"12256","Glendalough, Wicklow and Kilkenny tour from Dublin","Day tour","140"
"3254PK9UWY1646F5C363E","Backpackers Pub Crawl","Walking","12"
"3254PK9UWY1646F5C363E","Backpackers Pub Crawl","Walking","12"
"3254PK9UWY1646F5C363E","Backpackers Pub Crawl","Walking","24"
"80362","Cliffs of Moher, The Burren and Galway City Tour","Day tour","50"
"3254PK9UWY1646F5C363E","Backpackers Pub Crawl","Walking","12"
"3254PK9UWY1646F5C363E","Backpackers Pub Crawl","Walking","12"
"3254PK9UWY1646F5C363E","Backpackers Pub Crawl","Walking","12"
"3254PK9UWY1646F5C363E","Backpackers Pub Crawl","Walking","12"
"3254PK9UWY1646F5C363E","Backpackers Pub Crawl","Walking","12"
"3254PK9UWY1646F5C363E","Backpackers Pub Crawl","Walking","12"
"3254PK9UWY1646F5C363E","Backpackers Pub Crawl","Walking","12"
"3254PK9UWY1646F5C363E","Backpackers Pub Crawl","Walking","12"
"3254PK9UWY1646F5C363E","Backpackers Pub Crawl","Walking","12"
"3254PK9UWY1646F5C363E","Backpackers Pub Crawl","Walking","12"
"3254PK9UWY1646F5C363E","Backpackers Pub Crawl","Walking","12"
"3254PK9UWY1646F5C363E","Backpackers Pub Crawl","Walking","12"
"3254PK9UWY1646F5C363E","Backpackers Pub Crawl","Walking","12"
"3254PK9UWY1646F5C363E","Backpackers Pub Crawl","Walking","12"
"57517","Airlink Express travel between Dublin Airport and Dublin's City Centre single journey","Airport transfer","14"
"12256","Glendalough, Wicklow and Kilkenny tour from Dublin","Day tour","35"
"3254PK9UWY1646F5C363E","Backpackers Pub Crawl","Walking","36"
"57517","Airlink Express travel between Dublin Airport and Dublin's City Centre single journey","Airport transfer","7"
"3254PK9UWY1646F5C363E","Backpackers Pub Crawl","Walking","12"
"3254PK9UWY1646F5C363E","Backpackers Pub Crawl","Walking","12"
"3254PK9UWY1646F5C363E","Backpackers Pub Crawl","Walking","12"
"3254PK9UWY1646F5C363E","Backpackers Pub Crawl","Walking","12"
"57517","Airlink Express travel between Dublin Airport and Dublin's City Centre single journey","Airport transfer","21"
"57517","Airlink Express travel between Dublin Airport and Dublin's City Centre single journey","Airport transfer","14"
"3254PK9UWY1646F5C363E","Backpackers Pub Crawl","Walking","12"
"3254PK9UWY1646F5C363E","Backpackers Pub Crawl","Walking","12"
"3254PK9UWY1646F5C363E","Backpackers Pub Crawl","Walking","12"
"3254PK9UWY1646F5C363E","Backpackers Pub Crawl","Walking","12"
"80362","Cliffs of Moher, The Burren and Galway City Tour","Day tour","50"
"3254PK9UWY1646F5C363E","Backpackers Pub Crawl","Walking","12"
"80362","Cliffs of Moher, The Burren and Galway City Tour","Day tour","100"
"3254PK9UWY1646F5C363E","Backpackers Pub Crawl","Walking","12"
"80362","Cliffs of Moher, The Burren and Galway City Tour","Day tour","50"
"80362","Cliffs of Moher, The Burren and Galway City Tour","Day tour","50"
"80362","Cliffs of Moher, The Burren and Galway City Tour","Day tour","50"
"3254PK9UWY1646F5C363E","Backpackers Pub Crawl","Walking","12"
"3254PK9UWY1646F5C363E","Backpackers Pub Crawl","Walking","12"
"80362","Cliffs of Moher, The Burren and Galway City Tour","Day tour","250"
"80362","Cliffs of Moher, The Burren and Galway City Tour","Day tour","50"
"3254PK9UWY1646F5C363E","Backpackers Pub Crawl","Walking","12"
"3254PK9UWY1646F5C363E","Backpackers Pub Crawl","Walking","48"
"3254PK9UWY1646F5C363E","Backpackers Pub Crawl","Walking","12"
"3254PK9UWY1646F5C363E","Backpackers Pub Crawl","Walking","36"
"80362","Cliffs of Moher, The Burren and Galway City Tour","Day tour","50"
"57517","Airlink Express travel between Dublin Airport and Dublin's City Centre single journey","Airport transfer","7"
"57517","Airlink Express travel between Dublin Airport and Dublin's City Centre single journey","Airport transfer","7"
"3254PK9UWY1646F5C363E","Backpackers Pub Crawl","Walking","12"
"3254PK9UWY1646F5C363E","Backpackers Pub Crawl","Walking","12"
"57517","Airlink Express travel between Dublin Airport and Dublin's City Centre single journey","Airport transfer","59"
"3254MNCE9J15D73F0FA51","Giant’s Causeway Day Tour & Carrick-a-Rede Rope Bridge from Dublin","Day tour","60"
"57517","Airlink Express travel between Dublin Airport and Dublin's City Centre single journey","Airport transfer","14"
"57517","Airlink Express travel between Dublin Airport and Dublin's City Centre single journey","Airport transfer","7"
"57517","Airlink Express travel between Dublin Airport and Dublin's City Centre single journey","Airport transfer","14"
"3254PK9UWY1646F5C363E","Backpackers Pub Crawl","Walking","12"
"57517","Airlink Express travel between Dublin Airport and Dublin's City Centre single journey","Airport transfer","7"
"3254PK9UWY1646F5C363E","Backpackers Pub Crawl","Walking","12"
"3254PK9UWY1646F5C363E","Backpackers Pub Crawl","Walking","12"
"57517","Airlink Express travel between Dublin Airport and Dublin's City Centre single journey","Airport transfer","7"
"57517","Airlink Express travel between Dublin Airport and Dublin's City Centre single journey","Airport transfer","14"
"3254PK9UWY1646F5C363E","Backpackers Pub Crawl","Walking","24"
"3254PK9UWY1646F5C363E","Backpackers Pub Crawl","Walking","12"
"3254PK9UWY1646F5C363E","Backpackers Pub Crawl","Walking","48"
"3254PK9UWY1646F5C363E","Backpackers Pub Crawl","Walking","24"
"3254PK9UWY1646F5C363E","Backpackers Pub Crawl","Walking","24"
"57517","Airlink Express travel between Dublin Airport and Dublin's City Centre single journey","Airport transfer","7"
"3254PK9UWY1646F5C363E","Backpackers Pub Crawl","Walking","12"
"3254PK9UWY1646F5C363E","Backpackers Pub Crawl","Walking","12"
"3254PK9UWY1646F5C363E","Backpackers Pub Crawl","Walking","24"
"3254PK9UWY1646F5C363E","Backpackers Pub Crawl","Walking","12"
"3254PK9UWY1646F5C363E","Backpackers Pub Crawl","Walking","12"
"3254PK9UWY1646F5C363E","Backpackers Pub Crawl","Walking","36"
"3254PK9UWY1646F5C363E","Backpackers Pub Crawl","Walking","12"
"57517","Airlink Express travel between Dublin Airport and Dublin's City Centre single journey","Airport transfer","7"
"12150","Giant's Causeway and Game of Thrones location tour from Dublin","Day tour","55"
"57517","Airlink Express travel between Dublin Airport and Dublin's City Centre single journey","Airport transfer","14"
"57517","Airlink Express travel between Dublin Airport and Dublin's City Centre single journey","Airport transfer","7"
"54251","A guided day trip to Connemara","Day tour","110"
"3254MNCE9J15D73F0FA51","Giant’s Causeway Day Tour & Carrick-a-Rede Rope Bridge from Dublin","Day tour","120"
"53096","A day tour of historic Belfast","Day tour","65"
"80362","Cliffs of Moher, The Burren and Galway City Tour","Day tour","50"
"3254PK9UWY1646F5C363E","Backpackers Pub Crawl","Walking","12"
"57517","Airlink Express travel between Dublin Airport and Dublin's City Centre single journey","Airport transfer","7"
"57517","Airlink Express travel between Dublin Airport and Dublin's City Centre single journey","Airport transfer","7"
"53097","A day tour of historic Belfast","Day tour","65"
"57517","Airlink Express travel between Dublin Airport and Dublin's City Centre single journey","Airport transfer","7"
"80362","Cliffs of Moher, The Burren and Galway City Tour","Day tour","100"
"3254MNCE9J15D73F0FA51","Giant’s Causeway Day Tour & Carrick-a-Rede Rope Bridge from Dublin","Day tour","60"
"55004","Giants Causeway day tour ","Day tour","65"
"53895","A day tour to the cliffs of Moher","Day tour","50"
"57517","Airlink Express travel between Dublin Airport and Dublin's City Centre single journey","Airport transfer","7"
"3254PK9UWY1646F5C363E","Backpackers Pub Crawl","Walking","12"
"57517","Airlink Express travel between Dublin Airport and Dublin's City Centre single journey","Airport transfer","7"
"3254PK9UWY1646F5C363E","Backpackers Pub Crawl","Walking","72"
"57517","Airlink Express travel between Dublin Airport and Dublin's City Centre single journey","Airport transfer","7"
"57517","Airlink Express travel between Dublin Airport and Dublin's City Centre single journey","Airport transfer","7"
